Unnamed: 0,H1,H2,H3,H4,H5,H6,H7,H8,H9,H10,H11,H12,H13,H14,H15,H16,H17,H18,H19,H20,H21,H22,H23,H24
2025-01-01 00:00:00,1128.18,1121.23,1112.12,1100.43,1083.99,1070.6,1071.35,1042.9,1058.75,1068.23,1070.38,1063.06,1037.89,1078.51,1077.6,1088.26,1093.29,1107.35,1224.43,1243.4,1253.8,1244.14,1209.15,1176.07
2025-01-02 00:00:00,1150.17,1109.01,1053.87,1037.0,1010.39,1043.64,1100.7,1247.59,1328.99,1367.9,1425.62,1435.55,1447.35,1466.63,1455.69,1446.73,1403.65,1339.98,1400.18,1396.5,1372.26,1342.44,1295.86,1243.92
2025-01-03 00:00:00,1176.8,1148.51,1111.46,1083.46,1075.82,1116.27,1129.81,1252.23,1377.21,1452.27,1515.96,1542.97,1571.9,1558.39,1556.62,1524.77,1418.83,1356.23,1403.74,1394.73,1369.68,1332.07,1293.53,1244.04
2025-01-04 00:00:00,1214.12,1186.16,1163.23,1135.83,1125.38,1132.41,1144.39,1196.23,1273.05,1310.73,1341.4,1356.56,1341.01,1355.38,1339.76,1322.16,1296.44,1292.72,1385.27,1367.82,1330.99,1291.6,1247.12,1201.01
2025-01-05 00:00:00,1173.08,1131.92,1094.42,1073.35,1050.47,1039.39,1045.56,1013.15,1046.05,1089.09,1154.12,1202.82,1209.61,1230.79,1233.12,1258.03,1282.92,1278.46,1390.41,1398.67,1397.05,1374.7,1344.71,1283.53
2025-01-06 00:00:00,1227.99,1185.0,1139.09,1111.24,1101.82,1138.59,1167.86,1316.95,1403.65,1483.21,1512.2,1554.71,1599.11,1617.15,1615.2,1589.2,1527.65,1440.31,1482.48,1472.29,1446.3,1417.98,1392.15,1320.1
2025-01-07 00:00:00,1263.68,1209.31,1167.88,1134.98,1122.88,1168.73,1199.04,1355.59,1458.69,1546.79,1613.64,1625.85,1645.49,1678.39,1699.01,1663.55,1595.17,1490.59,1550.67,1558.98,1539.09,1506.31,1437.99,1366.64
2025-01-08 00:00:00,1319.92,1276.49,1228.44,1181.55,1161.03,1203.69,1244.12,1371.34,1469.94,1552.25,1614.44,1659.6,1679.3,1711.29,1712.08,1711.3,1626.68,1512.99,1541.55,1526.38,1485.81,1467.3,1420.24,1358.31
2025-01-09 00:00:00,1315.17,1259.96,1217.25,1166.0,1138.31,1125.77,1134.56,1142.72,1183.41,1239.26,1292.88,1337.51,1352.79,1394.13,1397.8,1388.98,1380.68,1339.02,1409.55,1400.67,1395.93,1367.9,1346.53,1279.08
2025-01-10 00:00:00,1234.31,1177.14,1125.63,1107.03,1082.66,1122.56,1147.71,1276.86,1411.09,1499.84,1601.8,1607.09,1615.3,1645.84,1678.08,1672.12,1591.19,1477.92,1522.03,1510.64,1457.76,1423.11,1375.94,1340.12
2025-01-11 00:00:00,1274.85,1221.44,1178.13,1150.72,1120.43,1139.06,1135.44,1193.93,1305.58,1388.63,1432.65,1455.2,1454.72,1438.25,1435.64,1419.57,1421.99,1385.42,1448.41,1440.34,1405.43,1371.22,1331.17,1287.26
2025-01-12 00:00:00,1243.21,1204.09,1159.16,1130.18,1105.21,1080.35,1086.53,1047.11,1100.06,1159.05,1205.88,1252.38,1266.82,1303.56,1338.39,1366.62,1380.19,1346.26,1396.07,1396.47,1398.91,1384.71,1363.1,1310.98
2025-01-13 00:00:00,1247.34,1192.98,1151.14,1108.2,1090.57,1134.24,1151.82,1337.07,1453.67,1542.93,1591.49,1639.3,1644.08,1691.0,1715.18,1685.31,1654.5,1541.51,1583.7,1581.32,1543.8,1514.06,1450.99,1399.61
2025-01-14 00:00:00,1313.12,1263.43,1210.64,1178.4,1161.07,1195.38,1219.93,1373.2,1455.85,1526.32,1611.75,1639.54,1667.44,1694.43,1702.79,1699.85,1643.43,1553.12,1564.65,1549.9,1523.11,1497.67,1453.01,1399.96
2025-01-15 00:00:00,1319.64,1268.41,1227.83,1193.17,1174.03,1210.49,1232.92,1378.96,1472.91,1551.8,1624.96,1659.79,1670.24,1703.81,1702.28,1696.71,1638.96,1549.97,1577.67,1570.8,1543.79,1528.33,1483.46,1415.5
2025-01-16 00:00:00,1354.06,1299.18,1240.1,1191.53,1171.65,1218.98,1227.47,1352.63,1476.44,1595.13,1622.12,1641.02,1647.8,1709.74,1731.59,1705.26,1636.27,1596.19,1576.81,1582.08,1537.63,1514.2,1473.7,1417.33
2025-01-17 00:00:00,1342.99,1279.12,1244.26,1200.39,1180.67,1213.04,1241.52,1401.83,1494.48,1554.53,1632.58,1681.28,1694.74,1732.98,1711.6,1688.24,1605.21,1525.32,1570.25,1549.8,1519.39,1487.32,1434.46,1389.82
2025-01-18 00:00:00,1305.72,1237.64,1200.92,1167.77,1136.57,1160.35,1169.69,1226.38,1305.74,1382.52,1456.96,1481.28,1486.72,1491.73,1496.34,1509.35,1485.67,1469.39,1510.85,1507.15,1480.31,1436.1,1392.94,1343.83
2025-01-19 00:00:00,1292.61,1236.8,1191.08,1160.27,1129.33,1109.31,1107.85,1062.59,1115.96,1175.33,1252.78,1318.31,1321.88,1353.35,1370.84,1380.48,1373.08,1358.4,1425.59,1438.36,1439.43,1433.93,1382.86,1331.06
2025-01-20 00:00:00,1266.57,1215.16,1164.31,1131.31,1129.84,1163.19,1196.27,1352.39,1485.71,1587.97,1656.14,1687.89,1713.09,1737.52,1745.24,1699.4,1668.43,1540.55,1554.21,1545.62,1530.88,1520.4,1470.33,1400.04
2025-01-21 00:00:00,1325.94,1276.45,1229.32,1196.64,1179.96,1212.13,1238.36,1365.74,1474.74,1557.66,1625.9,1671.15,1712.6,1764.87,1775.32,1756.17,1717.21,1620.19,1581.44,1593.15,1537.27,1506.22,1467.74,1400.86
2025-01-22 00:00:00,1329.06,1255.3,1218.86,1181.94,1151.55,1174.29,1202.54,1366.68,1477.14,1555.4,1637.38,1681.04,1688.95,1758.42,1768.37,1738.33,1677.65,1563.4,1585.77,1566.25,1530.91,1498.69,1467.61,1418.48
2025-01-23 00:00:00,1357.83,1298.58,1260.15,1217.39,1177.11,1215.09,1240.91,1381.43,1487.96,1559.33,1618.48,1677.98,1710.15,1765.5,1767.9,1745.08,1709.05,1600.35,1616.01,1620.48,1600.15,1552.72,1501.84,1435.04
2025-01-24 00:00:00,1362.78,1312.04,1262.6,1213.52,1188.6,1228.25,1254.1,1372.01,1484.35,1579.52,1648.56,1713.49,1716.95,1746.06,1764.31,1737.63,1665.12,1572.16,1571.14,1582.59,1545.73,1520.3,1471.46,1410.85
2025-01-25 00:00:00,1371.21,1341.3,1295.35,1228.49,1212.9,1205.61,1224.71,1280.02,1378.31,1464.31,1499.21,1504.7,1487.64,1502.92,1528.07,1498.86,1483.08,1460.87,1496.83,1523.39,1481.08,1450.73,1428.46,1385.54
2025-01-26 00:00:00,1332.81,1281.44,1253.03,1211.5,1191.6,1171.12,1172.24,1132.93,1197.03,1224.64,1267.54,1318.94,1352.85,1373.78,1380.22,1415.45,1417.57,1403.16,1446.74,1457.03,1465.73,1455.67,1431.03,1379.2
2025-01-27 00:00:00,1317.3,1264.91,1219.28,1185.88,1167.83,1199.98,1231.55,1389.69,1522.71,1593.74,1661.18,1689.33,1717.67,1736.67,1741.48,1739.65,1691.66,1574.81,1581.51,1575.46,1556.78,1550.58,1511.09,1444.23
2025-01-28 00:00:00,1374.92,1327.42,1283.93,1233.53,1189.74,1215.61,1243.53,1393.1,1510.07,1594.7,1637.7,1710.33,1690.16,1717.82,1745.42,1748.13,1690.66,1591.89,1587.84,1580.64,1546.09,1526.33,1480.08,1439.34
2025-01-29 00:00:00,1364.76,1310.86,1262.09,1212.08,1198.9,1214.25,1257.65,1416.44,1534.66,1623.84,1689.62,1720.54,1754.18,1763.21,1759.93,1745.33,1675.15,1553.2,1566.79,1565.95,1544.16,1524.49,1482.56,1418.32
2025-01-30 00:00:00,1364.74,1299.94,1242.76,1221.94,1193.32,1222.17,1265.98,1388.64,1508.88,1611.59,1673.13,1716.66,1717.34,1763.01,1771.75,1757.04,1710.87,1615.53,1613.96,1618.84,1628.21,1582.92,1534.88,1474.14
2025-01-31 00:00:00,1401.56,1328.7,1279.11,1233.18,1216.7,1237.46,1262.42,1403.76,1532.66,1614.25,1692.09,1740.07,1753.45,1768.36,1792.89,1787.89,1711.91,1591.35,1611.4,1607.91,1570.29,1546.14,1515.11,1452.17
2025-02-01 00:00:00,1390.46,1334.53,1291.42,1254.69,1223.88,1237.42,1257.7,1307.31,1386.81,1471.86,1503.32,1522.26,1515.0,1519.37,1514.13,1520.03,1477.26,1439.65,1512.33,1509.14,1483.35,1468.04,1443.32,1401.7
2025-02-02 00:00:00,1350.37,1298.15,1258.46,1222.53,1199.5,1190.21,1167.25,1127.38,1171.44,1212.17,1260.79,1293.44,1295.76,1332.72,1335.34,1332.55,1344.52,1339.01,1413.46,1429.36,1437.13,1440.86,1419.4,1362.27
2025-02-03 00:00:00,1323.3,1269.18,1221.42,1187.22,1174.42,1201.9,1244.84,1403.65,1509.73,1588.65,1633.05,1646.98,1669.6,1690.07,1716.05,1708.61,1656.17,1541.48,1591.89,1584.45,1556.79,1533.13,1496.82,1437.99
2025-02-04 00:00:00,1350.34,1287.23,1239.88,1194.6,1179.85,1215.33,1247.69,1391.37,1482.7,1551.39,1601.66,1638.1,1662.78,1703.65,1737.8,1717.02,1672.61,1578.05,1552.81,1568.11,1567.3,1539.3,1489.46,1425.95
2025-02-05 00:00:00,1344.54,1280.6,1225.39,1193.71,1162.68,1190.82,1221.8,1359.55,1486.66,1591.36,1654.69,1689.05,1709.82,1740.63,1758.76,1745.95,1695.62,1592.17,1603.39,1599.71,1583.03,1560.49,1501.38,1433.2
2025-02-06 00:00:00,1355.76,1299.03,1247.22,1213.12,1193.76,1219.54,1255.38,1390.2,1493.35,1582.37,1647.7,1683.51,1696.55,1741.08,1755.81,1740.28,1691.36,1590.87,1572.89,1571.05,1547.17,1518.6,1483.35,1425.64
2025-02-07 00:00:00,1351.44,1302.03,1229.44,1199.18,1173.98,1215.92,1244.71,1389.7,1488.32,1580.8,1645.95,1664.43,1667.99,1716.04,1723.28,1717.23,1658.21,1548.04,1577.29,1570.44,1562.57,1536.52,1475.93,1424.52
2025-02-08 00:00:00,1376.7,1319.58,1262.03,1220.1,1190.64,1179.84,1184.78,1241.99,1349.14,1428.71,1505.66,1526.46,1503.51,1517.93,1535.81,1538.26,1520.2,1473.01,1488.67,1511.64,1469.29,1447.49,1403.96,1377.97
2025-02-09 00:00:00,1323.59,1274.55,1227.59,1203.72,1181.38,1180.5,1157.17,1141.54,1192.46,1231.95,1303.6,1332.41,1336.9,1379.53,1346.36,1396.88,1409.26,1396.81,1426.46,1437.63,1459.57,1453.78,1428.88,1395.36
2025-02-10 00:00:00,1332.25,1294.0,1243.42,1191.37,1159.91,1198.92,1246.27,1407.91,1493.83,1586.23,1633.81,1656.77,1683.67,1737.41,1749.66,1744.16,1727.1,1570.39,1577.86,1570.14,1530.53,1516.78,1471.86,1407.83
2025-02-11 00:00:00,1352.11,1290.17,1227.08,1205.26,1185.93,1209.92,1223.4,1378.03,1472.87,1560.13,1617.51,1661.08,1679.26,1739.63,1771.25,1752.1,1680.69,1579.28,1591.95,1595.55,1582.78,1533.36,1510.37,1452.91
2025-02-12 00:00:00,1372.0,1325.52,1264.6,1235.32,1210.45,1236.59,1266.31,1379.03,1491.43,1577.59,1622.91,1675.04,1684.6,1757.78,1778.43,1749.47,1654.08,1554.76,1572.52,1576.2,1543.67,1521.17,1459.77,1413.76
2025-02-13 00:00:00,1338.07,1303.4,1243.9,1207.6,1195.42,1225.95,1256.65,1401.19,1481.26,1562.71,1623.39,1665.21,1690.32,1737.83,1765.27,1732.78,1674.52,1580.08,1576.44,1574.51,1542.71,1524.45,1473.42,1414.98
2025-02-14 00:00:00,1342.94,1300.72,1250.36,1213.09,1190.1,1214.98,1233.55,1373.61,1494.53,1579.78,1613.5,1646.27,1665.92,1684.17,1652.52,1599.95,1550.09,1469.52,1499.16,1494.79,1455.77,1420.94,1369.86,1337.96
2025-02-15 00:00:00,1295.1,1245.28,1205.78,1184.84,1155.42,1154.37,1164.71,1220.24,1283.47,1396.3,1448.22,1470.2,1475.49,1492.75,1457.3,1460.65,1396.52,1363.63,1417.92,1416.37,1391.85,1358.84,1320.61,1272.41
2025-02-16 00:00:00,1234.9,1192.46,1147.76,1127.97,1106.23,1102.66,1110.4,1092.12,1117.69,1189.5,1237.05,1294.24,1299.08,1285.46,1299.71,1340.0,1318.9,1298.01,1385.06,1390.29,1398.83,1386.89,1365.0,1309.9
2025-02-17 00:00:00,1243.39,1203.87,1138.91,1122.72,1120.6,1163.37,1198.77,1353.53,1453.0,1548.91,1593.04,1657.69,1661.25,1633.88,1671.42,1679.43,1610.83,1505.71,1534.28,1539.64,1508.47,1486.35,1404.37,1361.66
2025-02-18 00:00:00,1293.91,1243.86,1196.35,1164.29,1148.81,1174.65,1197.44,1348.96,1442.47,1539.53,1617.16,1655.91,1642.9,1644.39,1625.71,1626.81,1576.79,1465.98,1509.44,1524.33,1485.47,1465.08,1414.36,1364.41
2025-02-19 00:00:00,1299.27,1241.31,1206.64,1175.06,1151.53,1181.28,1211.1,1349.4,1442.26,1517.54,1546.05,1573.99,1561.1,1610.78,1637.94,1634.35,1575.82,1487.46,1493.11,1487.01,1464.64,1439.3,1392.38,1334.29
2025-02-20 00:00:00,1279.75,1198.7,1162.84,1137.38,1114.77,1141.15,1179.46,1311.02,1425.65,1518.65,1582.33,1627.53,1641.27,1635.16,1665.73,1651.13,1596.72,1469.35,1474.98,1469.57,1430.13,1418.1,1369.57,1312.0
2025-02-21 00:00:00,1245.11,1192.15,1167.14,1130.61,1114.95,1148.84,1187.47,1345.07,1451.38,1548.86,1601.13,1653.45,1660.32,1703.19,1712.45,1702.63,1653.43,1520.38,1510.87,1502.56,1470.54,1436.86,1401.15,1356.92
2025-02-22 00:00:00,1296.34,1244.22,1189.75,1164.35,1144.18,1153.5,1158.43,1232.05,1302.84,1390.12,1428.32,1426.78,1458.73,1460.54,1455.84,1479.02,1458.23,1452.84,1481.39,1465.28,1431.51,1417.16,1380.98,1354.41
2025-02-23 00:00:00,1299.4,1260.21,1215.75,1185.8,1153.3,1140.67,1151.68,1115.08,1138.04,1185.3,1234.92,1273.06,1282.3,1287.04,1309.01,1327.62,1328.07,1311.5,1388.41,1409.32,1389.71,1387.25,1354.77,1305.11
2025-02-24 00:00:00,1252.07,1193.21,1144.57,1121.43,1102.37,1151.64,1204.67,1339.95,1437.21,1508.34,1585.01,1603.1,1615.38,1685.75,1697.2,1679.52,1608.74,1524.96,1518.32,1512.21,1496.48,1466.18,1420.6,1346.64
2025-02-25 00:00:00,1270.19,1213.9,1180.01,1149.31,1123.48,1151.95,1209.95,1361.57,1451.37,1496.87,1587.08,1647.12,1690.02,1707.88,1731.31,1744.08,1709.76,1593.87,1573.62,1563.75,1546.39,1520.86,1480.93,1419.63
2025-02-26 00:00:00,1342.04,1275.01,1228.38,1203.94,1174.31,1201.86,1227.68,1366.76,1473.18,1547.81,1606.96,1624.27,1681.04,1731.93,1743.02,1713.07,1683.09,1586.42,1589.62,1594.01,1567.09,1528.43,1485.24,1443.85
2025-02-27 00:00:00,1363.84,1316.75,1265.06,1241.04,1207.61,1233.88,1267.66,1399.78,1495.33,1577.37,1651.94,1655.2,1661.16,1720.22,1715.03,1717.8,1666.11,1577.46,1570.73,1551.83,1524.83,1506.44,1466.46,1409.54
2025-02-28 00:00:00,1348.96,1293.68,1245.12,1207.88,1184.12,1224.94,1239.89,1387.07,1524.63,1604.63,1687.28,1700.43,1699.44,1730.4,1736.26,1720.68,1630.12,1547.73,1523.58,1524.97,1495.54,1457.56,1414.58,1367.74
02/29/2025,1301.04,1246.27,1196.46,1170.43,1142.18,1144.47,1147.1,1190.16,1262.12,1306.89,1363.66,1382.09,1363.82,1386.54,1396.68,1406.84,1411.24,1392.49,1431.32,1435.18,1420.41,1397.57,1364.02,1314.48
2025-03-01 00:00:00,1261.1,1232.43,1201.07,1162.0,1135.77,1115.29,1120.6,1085.4,1117.63,1161.02,1204.67,1232.31,1257.11,1257.24,1267.43,1277.99,1283.27,1302.19,1379.57,1380.04,1385.14,1377.11,1344.94,1303.56
2025-03-02 00:00:00,1258.02,1208.28,1168.1,1137.32,1117.64,1130.72,1120.74,1127.97,1194.29,1242.79,1293.37,1308.53,1327.09,1361.03,1366.13,1370.32,1344.93,1340.17,1391.83,1400.81,1376.07,1362.48,1327.28,1280.56
2025-03-03 00:00:00,1222.68,1176.1,1127.86,1102.04,1091.79,1084.59,1081.37,1059.47,1101.21,1136.99,1199.74,1220.91,1248.73,1283.56,1294.02,1306.8,1314.03,1305.52,1365.18,1385.62,1389.9,1389.68,1358.95,1299.2
2025-03-04 00:00:00,1252.59,1191.92,1150.91,1106.83,1101.48,1132.62,1130.22,1207.97,1296.21,1373.08,1436.89,1485.64,1542.31,1589.9,1603.89,1598.4,1579.99,1512.75,1529.38,1535.01,1499.8,1485.15,1443.63,1383.05
2025-03-05 00:00:00,1310.76,1251.45,1202.46,1162.52,1143.12,1177.2,1196.79,1328.13,1445.59,1544.22,1609.65,1633.61,1626.8,1648.19,1682.8,1676.75,1623.98,1499.0,1508.0,1516.95,1509.88,1477.54,1430.85,1366.53
2025-03-06 00:00:00,1298.33,1242.61,1202.23,1162.87,1142.89,1173.88,1192.52,1327.51,1446.41,1521.25,1576.15,1637.71,1646.08,1706.18,1709.32,1684.68,1654.73,1568.53,1545.06,1555.85,1525.7,1497.15,1468.59,1416.25
2025-03-07 00:00:00,1334.39,1298.6,1242.64,1213.55,1177.3,1182.27,1181.13,1257.71,1345.31,1421.3,1478.08,1517.87,1517.88,1532.49,1532.18,1538.77,1511.23,1490.39,1524.94,1523.85,1506.17,1468.74,1429.94,1391.06
2025-03-08 00:00:00,1357.28,1299.76,1262.53,1223.94,1189.76,1170.12,1155.77,1126.79,1131.16,1185.26,1247.03,1297.02,1326.91,1374.34,1415.72,1424.26,1408.63,1397.95,1483.93,1499.18,1505.31,1507.4,1481.73,1402.91
2025-03-09 00:00:00,1332.88,1272.31,1225.29,1194.0,1178.23,1221.31,1237.76,1371.06,1511.48,1590.74,1649.34,1697.09,1723.9,1774.58,1760.06,1740.96,1679.05,1566.4,1579.38,1589.24,1564.1,1549.04,1502.23,1413.55
2025-03-10 00:00:00,1341.46,1278.58,1226.14,1195.92,1170.43,1211.13,1224.07,1360.48,1465.64,1548.19,1630.81,1638.69,1679.06,1748.9,1773.78,1756.67,1722.53,1605.22,1616.75,1614.2,1600.92,1579.76,1526.21,1442.12
2025-03-11 00:00:00,1346.0,1291.72,1249.37,1207.55,1187.55,1223.21,1227.21,1359.37,1485.42,1547.52,1613.11,1654.83,1693.03,1751.24,1777.74,1787.99,1740.39,1593.52,1581.61,1582.72,1564.34,1543.62,1480.62,1417.93
2025-03-12 00:00:00,1342.02,1300.57,1256.49,1228.99,1191.95,1231.13,1230.2,1387.82,1463.7,1567.24,1659.53,1682.77,1718.2,1749.76,1720.76,1702.43,1646.08,1562.85,1571.21,1575.47,1556.27,1534.04,1486.37,1412.17
2025-03-13 00:00:00,1329.05,1262.97,1222.38,1185.98,1170.44,1216.41,1224.76,1373.76,1474.13,1556.64,1609.82,1648.82,1693.25,1742.23,1761.48,1719.02,1659.12,1541.43,1591.61,1580.41,1547.9,1520.12,1460.74,1402.53
2025-03-14 00:00:00,1342.63,1287.33,1243.92,1203.86,1170.03,1162.13,1143.33,1225.91,1320.7,1410.63,1458.72,1492.94,1495.11,1519.89,1530.48,1526.49,1520.42,1491.4,1535.17,1533.34,1496.62,1481.64,1432.11,1378.09
2025-03-15 00:00:00,180.45,671.12,919.31,1054.8,1081.06,1115.43,1111.46,1091.94,1108.46,1198.34,1260.64,1310.98,1350.27,1376.63,1427.49,1426.25,1420.15,1401.18,1475.13,1479.06,1499.6,1497.85,1459.37,1398.92
2025-03-16 00:00:00,1335.34,1272.82,1240.68,1201.3,1173.83,1227.59,1229.65,1421.27,1532.58,1619.3,1668.93,1710.65,1744.96,1812.16,1828.22,1811.82,1768.74,1655.21,1636.91,1663.44,1624.63,1610.91,1556.61,1487.7
2025-03-17 00:00:00,1399.03,1342.2,1294.03,1251.42,1220.93,1247.47,1254.33,1418.33,1500.12,1576.43,1617.71,1628.68,1670.13,1756.38,1756.05,1765.2,1700.65,1578.0,1599.91,1619.01,1596.74,1576.77,1529.68,1439.02
2025-03-18 00:00:00,1364.03,1300.37,1251.66,1217.08,1199.68,1229.32,1232.69,1386.14,1488.11,1555.81,1612.37,1651.71,1686.52,1719.98,1716.38,1714.6,1690.43,1593.19,1616.64,1607.67,1590.1,1568.2,1529.45,1432.38
2025-03-19 00:00:00,1357.78,1286.94,1248.31,1215.52,1181.34,1218.33,1225.4,1402.1,1487.46,1571.24,1623.38,1686.18,1699.54,1761.81,1771.05,1736.95,1675.76,1573.48,1597.92,1599.37,1579.39,1573.74,1524.59,1467.49
2025-03-20 00:00:00,1400.0,1346.83,1309.77,1269.27,1253.48,1290.35,1315.79,1483.68,1568.2,1613.19,1619.25,1633.43,1621.48,1616.5,1617.25,1644.17,1612.55,1511.26,1557.69,1570.08,1550.42,1524.31,1478.9,1433.46
2025-03-21 00:00:00,1385.95,1335.39,1309.76,1273.75,1252.25,1265.44,1266.94,1339.94,1405.46,1469.65,1528.45,1590.96,1565.3,1573.94,1560.19,1583.57,1559.58,1476.4,1542.25,1529.09,1504.63,1473.37,1452.37,1407.91
2025-03-22 00:00:00,1356.07,1302.41,1271.16,1236.63,1222.04,1217.79,1193.68,1148.88,1204.24,1246.68,1284.71,1341.6,1361.13,1381.13,1390.13,1419.52,1431.83,1428.56,1518.39,1548.74,1552.59,1556.88,1522.51,1477.48
2025-03-23 00:00:00,1405.43,1358.84,1309.73,1271.31,1247.61,1284.24,1287.88,1462.74,1543.79,1615.99,1714.43,1743.97,1760.65,1845.92,1869.78,1866.2,1793.8,1685.91,1672.11,1671.34,1667.84,1649.18,1602.23,1527.56
2025-03-24 00:00:00,1431.25,1374.7,1333.12,1302.12,1272.84,1299.02,1329.71,1495.29,1581.04,1623.05,1714.21,1734.6,1755.94,1826.8,1847.6,1786.37,1734.39,1641.52,1658.77,1660.55,1646.28,1617.99,1548.38,1474.35
2025-03-25 00:00:00,1422.75,1352.89,1314.51,1283.42,1255.57,1292.03,1314.31,1494.6,1565.48,1626.64,1681.5,1704.66,1753.74,1797.69,1847.86,1844.97,1801.55,1716.97,1706.43,1707.96,1670.68,1657.49,1590.63,1515.13
2025-03-26 00:00:00,1436.38,1368.5,1316.15,1279.61,1248.66,1263.12,1298.57,1449.68,1546.81,1634.71,1694.86,1731.89,1792.47,1804.34,1823.78,1812.41,1738.46,1642.62,1656.47,1671.58,1636.69,1620.31,1563.92,1481.42
2025-03-27 00:00:00,1409.3,1361.86,1329.62,1283.42,1257.73,1284.7,1284.43,1468.43,1553.97,1615.52,1692.37,1735.54,1755.6,1786.99,1797.86,1794.76,1711.38,1614.97,1637.16,1639.99,1589.08,1578.09,1514.15,1478.77
2025-03-28 00:00:00,1417.61,1353.94,1307.97,1268.12,1239.51,1243.34,1229.74,1326.69,1419.35,1504.94,1549.22,1582.8,1587.33,1591.53,1595.11,1617.86,1600.62,1546.69,1559.79,1580.78,1540.97,1518.12,1486.6,1427.49
2025-03-29 00:00:00,1373.43,1338.72,1280.41,1240.3,1215.45,1205.13,1200.06,1177.07,1234.19,1296.52,1327.44,1381.16,1377.04,1383.49,1376.9,1372.85,1361.69,1349.62,1418.78,1439.58,1445.68,1463.47,1434.43,1369.98
2025-03-30 00:00:00,1304.27,1248.31,1201.67,1171.15,1155.63,1201.86,1203.23,1349.77,1477.84,1544.4,1638.65,1672.71,1700.62,1780.77,1802.11,1778.12,1705.03,1615.96,1628.31,1617.85,1599.91,1588.44,1530.03,1462.54
2025-03-31 00:00:00,1366.27,1299.29,1241.18,1214.93,1188.46,1225.5,1212.91,1375.84,1469.04,1541.98,1620.61,1657.58,1706.69,1752.05,1778.34,1766.16,1720.25,1614.52,1623.18,1630.89,1619.72,1598.81,1536.58,1468.19
2025-04-01 00:00:00,1371.84,1310.68,1254.21,1225.52,1203.28,1227.59,1241.48,1387.79,1494.07,1574.42,1672.78,1708.18,1693.54,1760.79,1796.94,1784.75,1717.96,1603.82,1635.43,1640.59,1611.67,1591.85,1537.32,1466.63
2025-04-02 00:00:00,1391.24,1326.03,1264.64,1233.16,1212.39,1242.9,1278.87,1441.02,1520.71,1615.38,1692.19,1737.2,1748.46,1776.94,1778.71,1763.72,1718.55,1574.11,1614.79,1600.55,1589.91,1576.87,1511.79,1452.42
2025-04-03 00:00:00,1374.86,1309.73,1277.34,1247.49,1231.09,1243.26,1256.33,1421.33,1513.67,1612.04,1672.68,1698.97,1697.53,1752.69,1760.1,1738.37,1650.51,1551.16,1592.43,1591.19,1561.87,1542.7,1506.72,1448.47
2025-04-04 00:00:00,1406.8,1340.69,1285.2,1246.81,1241.12,1233.84,1211.82,1314.87,1424.37,1490.79,1561.49,1588.45,1552.14,1529.06,1493.89,1492.7,1470.97,1441.78,1498.41,1494.47,1477.36,1451.94,1434.2,1384.06
2025-04-05 00:00:00,1336.55,1296.61,1253.32,1218.49,1189.99,1164.39,1133.73,1147.75,1161.92,1212.68,1300.4,1352.96,1399.38,1443.68,1479.01,1456.2,1448.63,1445.15,1513.95,1524.47,1533.27,1529.79,1489.61,1418.16
2025-04-06 00:00:00,1356.06,1292.73,1257.14,1208.6,1189.82,1221.94,1236.56,1450.43,1543.16,1631.91,1709.73,1743.23,1792.12,1809.32,1857.34,1849.51,1750.46,1657.72,1664.82,1660.18,1646.39,1620.59,1566.78,1485.92
2025-04-07 00:00:00,1407.99,1336.77,1290.98,1252.57,1233.22,1261.57,1262.26,1424.17,1551.46,1645.53,1704.46,1723.97,1736.58,1736.01,1741.99,1785.17,1754.11,1641.92,1651.1,1661.93,1641.96,1621.56,1556.04,1478.31
2025-04-08 00:00:00,1396.68,1315.19,1265.85,1230.53,1206.75,1257.75,1259.94,1451.63,1552.58,1644.12,1728.48,1756.6,1783.47,1841.24,1858.2,1843.22,1776.92,1685.67,1688.7,1691.97,1667.0,1648.34,1603.63,1512.38
2025-04-09 00:00:00,1422.1,1351.59,1304.89,1262.61,1231.83,1258.7,1264.3,1450.91,1574.15,1671.15,1708.94,1744.38,1771.79,1847.86,1848.91,1809.0,1722.22,1626.97,1648.95,1649.1,1625.6,1601.56,1556.97,1479.71
2025-04-10 00:00:00,1397.98,1352.18,1299.71,1276.56,1244.69,1287.47,1283.73,1450.02,1538.24,1641.32,1720.61,1729.63,1722.56,1775.93,1765.07,1711.51,1613.68,1535.21,1581.96,1569.87,1545.08,1521.87,1476.33,1422.6
2025-04-11 00:00:00,1372.32,1333.55,1284.65,1254.42,1226.28,1233.58,1206.19,1259.15,1355.62,1422.14,1482.96,1491.95,1480.76,1453.87,1473.48,1460.06,1454.08,1439.65,1478.82,1473.86,1463.76,1415.64,1378.55,1336.9
2025-04-12 00:00:00,1294.56,1253.73,1211.95,1181.22,1162.45,1156.25,1112.26,1133.22,1183.01,1251.33,1305.59,1335.64,1321.22,1342.74,1379.75,1390.43,1359.43,1344.73,1443.14,1446.95,1460.2,1459.95,1419.99,1374.05
2025-04-13 00:00:00,1308.97,1273.96,1245.47,1223.09,1201.86,1225.61,1254.55,1433.56,1532.88,1640.95,1708.35,1741.91,1752.24,1829.07,1836.04,1814.87,1759.92,1676.4,1680.29,1666.93,1654.19,1652.57,1599.05,1510.12
2025-04-14 00:00:00,1432.76,1365.43,1306.24,1280.55,1252.82,1269.39,1288.4,1485.59,1598.84,1673.19,1744.12,1786.66,1815.61,1875.94,1904.48,1883.73,1815.09,1687.32,1680.26,1691.38,1663.76,1643.29,1600.96,1532.56
2025-04-15 00:00:00,1468.97,1419.51,1368.83,1329.2,1300.41,1328.37,1320.86,1510.88,1594.67,1671.08,1725.38,1738.91,1780.87,1824.12,1871.53,1863.87,1796.83,1705.19,1678.57,1675.44,1651.45,1619.42,1578.2,1532.09
2025-04-16 00:00:00,1452.27,1388.9,1336.63,1299.46,1267.4,1278.9,1289.8,1429.64,1497.0,1573.84,1604.49,1648.71,1597.08,1613.44,1633.99,1646.48,1613.56,1567.39,1569.29,1560.63,1534.19,1508.09,1474.82,1427.79
2025-04-17 00:00:00,1378.01,1336.35,1292.62,1243.04,1224.37,1212.65,1169.83,1169.25,1185.44,1212.27,1241.46,1268.71,1300.11,1335.83,1358.71,1388.64,1389.9,1383.95,1446.77,1463.98,1464.24,1452.09,1426.43,1410.26
2025-04-18 00:00:00,1367.54,1302.32,1283.37,1244.35,1230.18,1236.33,1207.73,1264.97,1334.98,1414.12,1473.34,1486.97,1496.94,1501.51,1503.94,1525.68,1540.72,1505.37,1551.11,1551.67,1526.15,1496.08,1480.43,1425.24
2025-04-19 00:00:00,1374.1,1322.93,1284.36,1246.53,1219.73,1206.55,1160.67,1172.78,1221.48,1273.18,1336.67,1385.02,1408.02,1440.53,1427.81,1428.65,1428.59,1416.61,1500.1,1515.03,1526.64,1524.65,1491.58,1426.32
2025-04-20 00:00:00,1357.48,1303.52,1261.34,1219.63,1206.15,1232.07,1261.04,1453.49,1575.88,1621.53,1669.31,1695.9,1689.74,1741.59,1778.12,1766.55,1666.03,1549.62,1556.02,1567.43,1556.02,1525.19,1473.39,1405.35
2025-04-21 00:00:00,1327.53,1271.77,1236.02,1209.71,1202.59,1234.1,1243.32,1395.95,1491.42,1522.06,1557.28,1600.3,1608.0,1655.4,1671.79,1669.46,1631.38,1516.59,1544.7,1560.76,1527.62,1515.56,1453.25,1406.21
2025-04-22 00:00:00,1294.12,1271.79,1225.87,1208.73,1189.06,1215.05,1236.41,1411.18,1488.41,1559.79,1617.11,1644.74,1679.35,1712.23,1746.63,1745.68,1701.45,1624.95,1603.74,1605.92,1582.1,1553.8,1498.2,1420.37
2025-04-23 00:00:00,1347.61,1278.5,1249.87,1225.27,1201.62,1214.5,1236.61,1414.24,1511.29,1594.28,1656.78,1693.94,1707.19,1763.86,1763.28,1737.76,1678.84,1574.64,1591.25,1594.42,1575.6,1552.4,1494.88,1424.09
2025-04-24 00:00:00,1329.58,1279.11,1240.17,1202.28,1187.06,1217.36,1235.97,1378.0,1503.34,1584.81,1654.18,1694.9,1716.05,1762.29,1779.34,1786.47,1728.4,1606.32,1625.57,1626.47,1604.87,1538.13,1513.66,1455.64
2025-04-25 00:00:00,1397.89,1341.15,1315.25,1254.31,1227.87,1223.39,1210.7,1287.13,1373.11,1450.27,1517.92,1540.22,1522.53,1551.8,1558.99,1530.96,1501.79,1448.56,1512.48,1498.34,1445.2,1413.97,1371.79,1332.15
2025-04-26 00:00:00,1280.99,1228.91,1191.12,1166.28,1142.04,1120.28,1072.23,1076.82,1112.57,1165.0,1206.68,1279.21,1289.59,1297.21,1311.39,1352.48,1352.67,1348.76,1404.19,1425.43,1436.29,1445.05,1419.06,1373.1
2025-04-27 00:00:00,1308.75,1259.47,1221.03,1180.72,1159.26,1197.44,1233.22,1383.26,1457.09,1572.39,1632.13,1639.76,1594.94,1571.07,1612.87,1590.17,1554.79,1459.54,1509.96,1514.45,1479.68,1458.55,1416.13,1349.16
2025-04-28 00:00:00,1282.15,1227.66,1189.56,1168.77,1154.13,1162.18,1195.26,1355.6,1453.58,1518.69,1600.64,1618.89,1627.37,1668.76,1699.34,1670.5,1607.14,1509.52,1533.8,1519.3,1504.15,1477.88,1428.07,1337.76
2025-04-29 00:00:00,1282.52,1227.21,1205.43,1174.82,1155.64,1190.23,1190.39,1359.19,1453.09,1541.13,1628.15,1641.0,1649.12,1661.0,1642.96,1639.67,1602.5,1489.74,1506.52,1493.9,1459.93,1450.77,1397.72,1352.16
2025-04-30 00:00:00,1293.99,1250.07,1205.26,1174.16,1143.31,1112.66,1082.15,1138.6,1193.19,1246.25,1344.79,1400.29,1438.68,1438.36,1415.3,1383.27,1355.77,1328.41,1398.38,1391.51,1379.53,1375.86,1351.67,1299.2
2025-05-01 00:00:00,1249.26,1212.64,1178.43,1152.15,1135.06,1177.58,1231.37,1380.62,1460.89,1554.42,1608.91,1625.97,1630.24,1658.7,1656.12,1612.95,1544.8,1452.74,1496.52,1492.05,1451.22,1418.88,1358.36,1322.75
2025-05-02 00:00:00,1252.81,1200.22,1180.81,1154.74,1129.34,1145.98,1123.66,1213.49,1318.9,1394.05,1441.8,1451.06,1459.64,1462.85,1475.79,1500.44,1494.02,1453.01,1500.76,1499.86,1484.83,1450.7,1420.6,1368.69
2025-05-03 00:00:00,1333.36,1281.29,1247.74,1211.2,1184.37,1167.32,1110.03,1138.44,1183.96,1242.85,1294.29,1336.42,1352.97,1431.98,1415.38,1381.4,1350.83,1357.2,1429.58,1446.56,1446.25,1443.49,1405.69,1346.35
2025-05-04 00:00:00,1291.74,1232.32,1171.9,1142.49,1138.07,1179.77,1216.41,1415.98,1507.51,1605.61,1646.25,1650.15,1687.47,1728.05,1723.81,1697.12,1631.93,1532.62,1561.67,1545.37,1523.71,1485.92,1432.34,1357.79
2025-05-05 00:00:00,1293.4,1225.4,1169.97,1145.22,1132.95,1197.4,1203.87,1337.02,1463.52,1532.97,1594.01,1629.54,1648.38,1690.47,1703.54,1680.53,1630.24,1545.71,1539.69,1541.64,1500.79,1473.74,1414.67,1352.67
2025-05-06 00:00:00,1286.77,1251.41,1199.27,1173.84,1170.32,1206.85,1206.34,1334.17,1450.71,1505.88,1588.22,1607.61,1619.22,1670.63,1695.46,1673.69,1600.63,1496.47,1538.16,1530.8,1518.38,1504.39,1433.68,1399.97
2025-05-07 00:00:00,1337.02,1286.01,1242.17,1208.6,1193.68,1222.92,1247.23,1389.22,1512.71,1628.94,1669.87,1696.11,1694.42,1782.05,1759.82,1678.44,1598.64,1506.09,1550.64,1546.38,1510.62,1490.17,1428.3,1361.4
2025-05-08 00:00:00,1304.54,1255.17,1215.8,1179.13,1180.65,1203.2,1209.26,1378.7,1467.75,1562.59,1636.07,1671.85,1693.75,1737.57,1780.33,1744.48,1632.46,1514.53,1584.16,1587.8,1568.8,1536.93,1498.99,1454.49
2025-05-09 00:00:00,1368.95,1343.7,1294.95,1266.43,1236.17,1211.01,1190.18,1283.74,1382.28,1457.1,1535.67,1553.46,1551.64,1522.44,1482.55,1466.17,1446.62,1441.2,1509.71,1514.66,1506.26,1486.76,1450.55,1424.51
2025-05-10 00:00:00,1379.61,1330.93,1292.9,1263.53,1221.03,1183.61,1134.05,1155.49,1201.62,1262.6,1342.07,1388.98,1406.44,1435.81,1447.51,1468.3,1461.33,1442.83,1523.75,1535.94,1551.81,1554.27,1517.91,1459.42
2025-05-11 00:00:00,1383.32,1324.1,1282.63,1242.48,1222.86,1269.59,1310.48,1500.64,1642.39,1736.27,1809.85,1842.78,1857.61,1897.01,1850.07,1812.1,1750.69,1649.74,1697.82,1705.23,1692.55,1685.42,1616.22,1547.54
2025-05-12 00:00:00,1446.78,1385.6,1351.24,1311.97,1288.41,1301.87,1327.66,1513.05,1616.35,1701.62,1770.41,1798.0,1814.16,1825.66,1823.65,1791.76,1692.23,1587.08,1648.7,1637.0,1625.52,1595.79,1537.88,1460.68
2025-05-13 00:00:00,1399.45,1336.01,1294.03,1272.88,1237.46,1264.8,1284.46,1448.48,1522.24,1607.81,1656.38,1657.85,1616.93,1607.11,1596.15,1561.97,1516.54,1436.69,1502.57,1502.46,1474.8,1421.35,1358.62,1320.6
2025-05-14 00:00:00,1258.89,1205.26,1179.36,1155.84,1143.06,1191.34,1193.61,1343.09,1435.44,1521.02,1576.89,1614.58,1686.05,1659.92,1636.54,1634.65,1571.21,1444.57,1480.86,1486.7,1437.07,1426.55,1376.19,1322.51
2025-05-15 00:00:00,1265.58,1218.21,1193.6,1162.58,1158.1,1192.92,1214.92,1358.44,1484.5,1555.91,1596.11,1602.02,1629.42,1610.39,1581.47,1546.41,1489.85,1411.64,1452.87,1466.33,1438.32,1402.9,1343.16,1304.18
2025-05-16 00:00:00,1247.54,1230.79,1199.78,1157.38,1140.54,1142.38,1141.33,1221.93,1347.43,1409.57,1457.02,1469.68,1452.99,1497.91,1505.14,1498.28,1461.54,1446.63,1477.16,1498.05,1473.56,1434.96,1387.17,1335.45
2025-05-17 00:00:00,1285.87,1242.37,1214.14,1173.13,1157.6,1142.27,1093.57,1083.9,1121.89,1181.83,1247.94,1295.06,1330.92,1374.93,1431.12,1440.68,1419.48,1391.65,1445.9,1430.77,1406.49,1392.99,1344.04,1288.68
2025-05-18 00:00:00,1225.35,1194.69,1158.59,1130.11,1120.36,1150.27,1206.17,1373.75,1502.38,1583.81,1605.93,1616.99,1649.94,1695.69,1727.35,1725.12,1655.25,1559.35,1580.42,1604.0,1587.2,1537.57,1493.13,1414.1
2025-05-19 00:00:00,1341.45,1290.59,1242.79,1199.57,1187.03,1216.17,1259.97,1426.96,1553.87,1622.75,1688.05,1724.22,1736.04,1790.24,1820.32,1770.84,1654.12,1505.27,1564.06,1582.12,1580.24,1566.29,1506.03,1451.51
2025-05-20 00:00:00,1355.67,1299.64,1252.11,1214.37,1186.11,1209.86,1247.5,1407.46,1515.73,1583.19,1663.46,1696.38,1680.56,1699.54,1714.72,1712.16,1654.81,1535.88,1572.95,1581.2,1561.1,1544.23,1475.41,1423.16
2025-05-21 00:00:00,1339.57,1276.55,1225.09,1194.35,1177.28,1192.01,1215.84,1382.49,1523.38,1601.17,1663.3,1737.74,1767.66,1817.55,1800.72,1782.63,1688.42,1583.12,1624.65,1634.65,1611.85,1591.42,1536.55,1442.52
2025-05-22 00:00:00,1390.22,1317.66,1275.39,1241.7,1215.93,1215.77,1265.22,1452.53,1581.8,1657.91,1779.85,1787.32,1802.77,1783.14,1726.76,1682.4,1608.77,1509.87,1546.97,1556.62,1531.73,1525.08,1502.12,1461.0
2025-05-23 00:00:00,1390.22,1332.37,1291.72,1268.44,1238.76,1248.84,1204.24,1294.73,1403.6,1470.57,1528.83,1557.68,1522.76,1499.12,1529.73,1524.53,1498.05,1453.59,1500.61,1510.82,1480.1,1480.0,1436.74,1390.94
2025-05-24 00:00:00,1366.66,1298.59,1289.89,1247.94,1209.84,1200.1,1169.95,1206.04,1238.27,1269.45,1302.84,1379.33,1389.38,1389.3,1353.8,1327.18,1297.93,1287.22,1372.44,1398.27,1394.32,1386.39,1356.87,1287.54
2025-05-25 00:00:00,1234.68,1200.18,1151.93,1131.54,1123.87,1186.21,1220.81,1410.02,1498.13,1575.12,1690.1,1699.63,1676.06,1683.91,1680.17,1661.78,1626.17,1513.97,1538.3,1541.19,1519.01,1484.54,1431.45,1365.89
2025-05-26 00:00:00,1303.69,1250.42,1209.43,1176.97,1160.41,1195.02,1232.16,1379.74,1477.72,1551.28,1565.27,1549.45,1534.39,1596.14,1631.15,1627.32,1544.63,1438.15,1497.07,1510.1,1496.05,1486.47,1453.72,1381.9
2025-05-27 00:00:00,1356.49,1319.21,1270.65,1215.84,1195.96,1246.29,1276.89,1455.67,1580.47,1634.29,1650.23,1673.28,1690.5,1749.2,1741.52,1707.75,1683.15,1587.93,1616.15,1626.93,1597.7,1582.06,1543.33,1491.75
2025-05-28 00:00:00,1386.81,1319.9,1274.54,1234.11,1201.73,1216.91,1238.37,1438.97,1558.31,1631.75,1726.37,1757.07,1772.18,1849.6,1840.32,1658.04,1619.61,1539.08,1599.91,1590.29,1587.57,1573.98,1534.21,1463.85
2025-05-29 00:00:00,1388.75,1321.53,1258.0,1231.76,1197.14,1230.37,1256.69,1424.75,1570.8,1645.55,1684.63,1731.72,1768.38,1821.34,1830.74,1778.58,1716.52,1589.93,1615.22,1603.79,1565.86,1538.33,1502.63,1451.78
2025-05-30 00:00:00,1392.05,1342.16,1299.53,1252.81,1229.58,1218.31,1205.86,1308.68,1397.57,1477.47,1496.96,1515.23,1497.38,1487.66,1447.84,1423.65,1384.4,1376.7,1443.33,1447.03,1416.03,1392.5,1339.81,1289.52
2025-05-31 00:00:00,1239.94,1201.06,1167.57,1137.81,1115.68,1107.55,1068.96,1107.91,1139.19,1180.56,1246.51,1304.61,1310.11,1309.54,1286.85,1291.99,1298.11,1320.82,1393.11,1401.54,1407.45,1399.64,1355.39,1300.03
2025-06-01 00:00:00,1241.31,1200.07,1133.06,1110.88,1098.87,1127.79,1174.62,1339.79,1477.61,1558.59,1630.15,1648.43,1669.82,1699.61,1734.93,1722.39,1639.26,1533.78,1593.73,1612.15,1606.98,1601.3,1528.02,1455.43
2025-06-02 00:00:00,1373.43,1323.19,1281.32,1239.53,1214.07,1220.9,1275.09,1458.2,1578.0,1628.05,1681.16,1717.73,1706.94,1750.52,1746.14,1707.59,1622.64,1498.33,1516.57,1521.75,1518.11,1504.96,1439.14,1371.67
2025-06-03 00:00:00,1300.24,1243.15,1203.06,1157.47,1152.04,1183.58,1201.94,1386.57,1463.34,1579.7,1651.74,1701.85,1688.59,1721.65,1729.73,1704.34,1628.58,1504.76,1537.55,1536.7,1523.87,1472.25,1425.86,1348.04
2025-06-04 00:00:00,1277.94,1223.29,1180.73,1152.48,1145.58,1180.1,1217.61,1371.49,1468.79,1527.32,1572.17,1581.43,1574.15,1592.42,1586.61,1562.69,1525.37,1451.93,1479.25,1488.28,1469.37,1435.55,1370.2,1304.02
2025-06-05 00:00:00,1246.79,1188.67,1151.1,1123.95,1126.18,1159.77,1196.89,1376.1,1513.59,1591.42,1663.69,1697.3,1668.09,1691.32,1718.39,1707.2,1646.53,1541.08,1559.36,1583.38,1560.25,1533.32,1466.78,1428.84
2025-06-06 00:00:00,1361.35,1305.15,1257.34,1219.08,1186.08,1196.05,1196.52,1285.58,1360.41,1406.67,1492.53,1514.95,1528.5,1529.88,1532.32,1497.52,1486.11,1467.75,1525.66,1534.32,1511.6,1484.19,1423.31,1351.03
2025-06-07 00:00:00,1331.87,1285.67,1238.27,1202.56,1174.16,1157.35,1103.52,1148.98,1200.69,1235.74,1309.99,1325.04,1364.04,1403.14,1422.55,1464.84,1437.54,1411.55,1450.97,1480.06,1496.61,1494.01,1463.55,1396.02
2025-06-08 00:00:00,1352.01,1282.11,1233.81,1208.1,1189.04,1215.89,1222.24,1419.95,1517.26,1588.84,1612.83,1618.28,1586.7,1626.24,1624.73,1572.6,1523.78,1447.25,1485.13,1482.03,1466.8,1439.07,1388.64,1321.8
2025-06-09 00:00:00,1265.74,1226.73,1177.26,1144.26,1148.51,1178.31,1218.69,1375.12,1477.27,1506.44,1567.94,1572.58,1565.7,1562.98,1588.46,1559.62,1509.8,1436.66,1464.3,1450.24,1432.12,1401.92,1353.54,1316.93
2025-06-10 00:00:00,1262.28,1214.44,1177.56,1150.67,1140.64,1190.18,1204.39,1364.46,1461.62,1504.79,1548.57,1573.19,1576.63,1623.2,1637.62,1615.79,1555.27,1485.36,1535.49,1537.11,1509.15,1482.99,1431.6,1363.65
2025-06-11 00:00:00,1255.31,1217.41,1171.33,1130.03,1117.39,1166.41,1194.96,1367.23,1486.28,1557.94,1634.55,1683.06,1706.26,1714.36,1680.26,1638.52,1531.4,1448.64,1498.67,1505.86,1474.31,1449.71,1398.68,1354.96
2025-06-12 00:00:00,1277.13,1225.55,1191.46,1164.86,1149.07,1184.76,1224.48,1374.79,1457.61,1516.22,1543.8,1564.65,1564.53,1582.55,1572.35,1540.67,1482.45,1419.27,1438.32,1420.95,1401.38,1366.84,1338.07,1301.79
2025-06-13 00:00:00,1223.52,1199.55,1174.05,1146.5,1119.36,1135.83,1129.1,1211.51,1277.66,1356.33,1399.94,1419.44,1378.27,1380.31,1393.53,1390.92,1396.84,1399.54,1465.37,1464.65,1439.92,1407.39,1374.14,1326.84
2025-06-14 00:00:00,1276.94,1221.27,1185.79,1170.14,1131.58,1123.51,1090.43,1073.04,1127.76,1175.48,1212.58,1251.38,1270.69,1284.62,1313.36,1320.55,1371.33,1381.88,1463.69,1498.3,1512.09,1509.66,1482.33,1415.5
2025-06-15 00:00:00,1344.37,1292.58,1241.96,1207.79,1177.75,1190.71,1244.7,1426.87,1562.68,1620.46,1691.99,1710.8,1746.13,1751.56,1749.32,1711.3,1639.52,1538.09,1551.67,1558.27,1545.45,1531.68,1495.98,1427.7
2025-06-16 00:00:00,1340.38,1279.32,1239.97,1204.34,1187.97,1225.56,1256.89,1405.75,1489.99,1552.8,1562.81,1583.07,1593.75,1610.75,1638.76,1643.74,1614.51,1542.44,1554.32,1557.95,1529.85,1506.8,1441.27,1377.99
2025-06-17 00:00:00,1303.87,1245.93,1194.21,1172.27,1153.07,1175.51,1228.57,1399.9,1521.63,1587.9,1658.87,1695.44,1750.14,1779.32,1796.15,1809.38,1741.86,1634.38,1619.64,1628.3,1607.76,1593.46,1543.64,1473.46
2025-06-18 00:00:00,1403.76,1338.97,1271.43,1244.42,1223.68,1239.78,1286.29,1466.59,1588.09,1666.92,1735.32,1752.32,1796.25,1848.98,1851.91,1836.79,1793.12,1710.67,1670.13,1682.45,1663.69,1645.66,1598.53,1527.41
2025-06-19 00:00:00,1453.57,1400.72,1338.75,1297.98,1264.09,1268.12,1304.29,1495.42,1625.85,1699.75,1758.98,1799.46,1820.58,1864.74,1841.61,1801.93,1713.55,1598.47,1636.8,1653.26,1641.0,1622.17,1559.9,1509.26
2025-06-20 00:00:00,1446.08,1389.5,1341.67,1282.56,1265.82,1255.14,1230.59,1330.01,1434.69,1511.31,1542.57,1552.41,1501.64,1473.37,1458.79,1425.37,1364.18,1329.85,1373.35,1369.71,1353.4,1317.72,1291.54,1258.06
2025-06-21 00:00:00,1208.08,1179.21,1147.14,1126.75,1104.42,1099.12,1056.28,1055.47,1093.1,1130.27,1175.22,1217.11,1236.92,1237.67,1252.16,1236.77,1242.96,1229.07,1263.52,1286.17,1286.73,1277.06,1237.87,1191.41
2025-06-22 00:00:00,1155.85,1109.37,1078.35,1063.49,1062.98,1101.95,1133.55,1307.0,1404.15,1485.51,1540.45,1596.65,1608.57,1615.63,1603.69,1578.85,1543.96,1441.5,1462.03,1466.21,1450.69,1436.56,1373.85,1300.97
2025-06-23 00:00:00,1227.1,1169.33,1134.48,1113.36,1098.48,1126.01,1164.73,1285.02,1406.91,1486.88,1524.86,1539.66,1558.29,1606.21,1615.94,1599.43,1529.11,1424.78,1470.22,1488.68,1447.98,1440.39,1387.23,1318.41
2025-06-24 00:00:00,1246.54,1186.2,1155.69,1123.04,1116.79,1146.67,1187.26,1368.12,1449.15,1541.55,1643.04,1660.09,1655.38,1688.74,1685.41,1633.47,1555.87,1455.55,1481.69,1474.74,1463.4,1425.02,1363.4,1302.74
2025-06-25 00:00:00,1234.32,1176.0,1141.31,1116.96,1099.97,1132.56,1170.71,1331.87,1468.92,1529.0,1600.05,1626.5,1651.74,1714.85,1754.49,1766.56,1703.45,1590.81,1605.23,1610.35,1584.54,1561.65,1504.47,1432.01
2025-06-26 00:00:00,1353.58,1293.33,1253.07,1225.2,1201.7,1219.91,1250.17,1432.07,1567.41,1691.37,1713.69,1723.38,1702.57,1695.06,1670.91,1619.66,1543.04,1450.53,1488.1,1492.89,1477.84,1427.52,1394.34,1338.76
2025-06-27 00:00:00,1287.52,1246.61,1185.2,1164.85,1148.19,1159.9,1168.91,1245.6,1320.0,1359.59,1430.68,1485.52,1489.54,1489.48,1538.72,1526.71,1455.04,1387.36,1446.1,1451.36,1416.44,1397.11,1354.16,1291.55
2025-06-28 00:00:00,1242.93,1202.7,1162.69,1137.46,1113.81,1101.47,1054.57,1079.31,1139.67,1189.67,1228.7,1241.02,1249.01,1259.92,1237.47,1264.24,1280.1,1287.3,1386.03,1404.82,1407.79,1406.83,1370.82,1319.16
2025-06-29 00:00:00,1245.4,1192.73,1147.21,1129.18,1116.33,1154.23,1196.43,1411.14,1539.1,1629.29,1693.37,1748.45,1759.61,1765.25,1756.6,1687.99,1613.73,1511.07,1540.75,1551.6,1523.91,1487.78,1427.91,1365.26
2025-06-30 00:00:00,1298.09,1238.97,1195.23,1174.93,1168.37,1196.05,1220.09,1391.59,1536.64,1605.7,1655.61,1717.9,1706.06,1699.47,1731.51,1732.19,1678.69,1581.29,1564.67,1549.91,1528.73,1510.85,1455.73,1404.49
2025-07-01 00:00:00,1329.46,1274.52,1233.32,1191.53,1181.13,1221.76,1247.3,1422.44,1503.57,1546.05,1594.77,1586.75,1578.22,1622.71,1660.67,1624.57,1568.15,1464.61,1514.82,1522.98,1493.13,1470.39,1415.83,1361.95
2025-07-02 00:00:00,1283.8,1231.5,1193.72,1175.14,1160.72,1209.95,1211.75,1404.66,1481.87,1508.86,1562.22,1572.81,1562.8,1582.81,1615.66,1593.5,1555.26,1476.48,1522.26,1527.78,1499.68,1460.42,1394.72,1325.7
2025-07-03 00:00:00,1270.25,1219.79,1184.52,1154.72,1143.2,1185.79,1204.83,1373.97,1495.17,1564.0,1654.71,1685.2,1701.7,1699.59,1643.9,1560.8,1502.06,1420.44,1406.86,1411.12,1381.65,1358.73,1315.98,1272.94
2025-07-04 00:00:00,1235.79,1208.23,1178.08,1145.71,1131.22,1144.23,1120.63,1240.11,1332.2,1391.81,1477.51,1482.1,1512.25,1524.36,1534.74,1501.66,1421.14,1408.94,1471.22,1463.74,1426.34,1394.87,1349.47,1280.53
2025-07-05 00:00:00,1250.78,1210.02,1165.96,1141.35,1123.88,1104.44,1068.26,1091.92,1120.43,1165.17,1209.84,1239.56,1258.45,1296.06,1289.41,1328.82,1352.63,1307.53,1366.4,1400.53,1405.2,1392.1,1372.1,1294.14
2025-07-06 00:00:00,1227.88,1171.14,1130.58,1091.61,1088.01,1127.23,1170.76,1375.88,1512.05,1548.1,1585.78,1628.68,1648.93,1675.99,1695.04,1686.74,1613.35,1536.04,1540.24,1574.07,1518.71,1492.64,1445.53,1369.12
2025-07-07 00:00:00,1292.31,1233.34,1199.35,1167.71,1161.66,1186.18,1214.73,1391.69,1526.01,1612.12,1662.5,1682.3,1704.35,1725.53,1752.66,1761.44,1705.13,1596.3,1572.3,1614.11,1585.94,1574.13,1522.79,1442.19
2025-07-08 00:00:00,1354.83,1297.22,1242.25,1203.91,1184.83,1203.09,1240.71,1426.84,1536.42,1644.9,1673.57,1683.86,1733.42,1759.76,1729.26,1718.22,1624.71,1496.4,1522.51,1539.14,1522.2,1497.43,1442.43,1378.14
2025-07-09 00:00:00,1294.92,1222.08,1200.54,1167.46,1166.59,1219.83,1243.84,1421.82,1501.51,1567.41,1636.65,1688.54,1716.08,1705.56,1686.73,1652.23,1617.21,1497.44,1485.07,1465.19,1455.69,1403.09,1361.33,1303.54
2025-07-10 00:00:00,1239.48,1201.71,1161.74,1140.1,1128.65,1173.29,1211.11,1363.32,1459.77,1534.83,1552.51,1595.13,1620.92,1656.42,1656.28,1634.74,1570.39,1474.27,1506.97,1518.55,1487.0,1441.61,1396.76,1339.68
2025-07-11 00:00:00,1266.07,1220.42,1198.91,1163.53,1150.42,1178.44,1157.05,1234.27,1316.58,1353.0,1460.84,1487.86,1445.05,1434.22,1426.65,1381.51,1351.83,1341.78,1414.97,1403.04,1352.1,1322.84,1295.29,1246.86
2025-07-12 00:00:00,1203.23,1155.92,1132.02,1102.55,1085.52,1077.61,1045.91,1045.32,1095.42,1126.56,1217.86,1288.24,1310.54,1335.58,1340.51,1345.95,1328.56,1325.3,1374.99,1394.35,1406.83,1399.05,1359.62,1290.9
2025-07-13 00:00:00,1232.06,1184.61,1146.22,1121.34,1103.45,1142.56,1180.49,1391.95,1546.5,1603.93,1705.99,1727.33,1736.19,1768.4,1774.45,1738.67,1687.53,1578.42,1568.41,1582.99,1567.3,1540.45,1497.17,1419.84
2025-07-14 00:00:00,1346.08,1300.8,1254.68,1216.38,1193.45,1205.26,1225.79,1426.72,1539.98,1610.98,1674.2,1733.31,1756.07,1766.01,1797.22,1792.1,1734.04,1587.49,1561.05,1606.34,1613.27,1597.13,1550.92,1474.51
2025-07-15 00:00:00,1396.28,1329.29,1281.08,1241.85,1212.35,1219.21,1248.04,1454.28,1551.71,1627.75,1688.15,1752.05,1787.33,1810.4,1832.13,1806.92,1739.29,1670.13,1625.28,1647.36,1640.9,1612.42,1564.14,1481.72
2025-07-16 00:00:00,1417.36,1351.97,1304.69,1275.72,1243.97,1264.73,1276.56,1445.99,1557.6,1619.46,1711.4,1738.45,1761.44,1831.97,1873.47,1866.57,1793.63,1699.76,1682.64,1700.87,1681.73,1664.16,1599.8,1527.54
2025-07-17 00:00:00,1449.48,1383.81,1332.46,1293.13,1266.58,1275.19,1295.24,1477.6,1602.36,1684.56,1758.22,1794.6,1792.82,1852.39,1829.31,1791.17,1738.97,1641.28,1644.97,1667.18,1649.96,1636.99,1578.19,1527.32
2025-07-18 00:00:00,1490.84,1409.89,1363.39,1319.77,1294.33,1307.82,1284.89,1377.95,1472.58,1537.96,1560.53,1581.53,1599.14,1639.46,1631.08,1581.5,1566.47,1533.56,1601.74,1613.59,1589.69,1548.8,1507.77,1458.28
2025-07-19 00:00:00,1411.39,1363.15,1330.41,1294.58,1260.52,1240.28,1196.01,1209.22,1220.03,1276.02,1341.52,1416.78,1437.78,1482.59,1458.86,1418.64,1417.31,1405.62,1463.99,1503.92,1515.05,1514.68,1496.33,1419.32
2025-07-20 00:00:00,1351.97,1319.22,1273.85,1242.17,1212.07,1220.5,1262.77,1459.96,1591.58,1657.61,1732.66,1774.04,1795.9,1820.33,1842.79,1781.93,1678.44,1550.97,1531.3,1552.95,1537.68,1517.7,1468.29,1393.43
2025-07-21 00:00:00,1329.33,1279.94,1249.31,1221.74,1202.3,1234.55,1244.48,1419.29,1517.33,1591.68,1637.31,1689.26,1689.7,1742.1,1736.72,1705.24,1639.71,1502.54,1528.9,1529.09,1510.81,1487.68,1442.59,1364.41
2025-07-22 00:00:00,1310.19,1265.0,1229.07,1208.25,1201.35,1221.01,1251.47,1428.48,1543.97,1624.76,1672.81,1675.81,1680.87,1709.66,1714.7,1697.02,1634.22,1503.18,1518.99,1549.04,1536.45,1500.95,1473.32,1417.41
2025-07-23 00:00:00,1343.2,1296.57,1272.85,1223.14,1210.41,1242.72,1250.91,1424.42,1489.82,1578.94,1663.02,1725.06,1714.17,1734.17,1778.2,1706.39,1672.46,1584.52,1584.11,1610.64,1606.57,1572.91,1519.98,1450.0
2025-07-24 00:00:00,1384.03,1324.92,1277.65,1247.44,1225.59,1256.45,1270.23,1456.29,1577.71,1655.7,1747.17,1752.35,1775.23,1790.2,1790.45,1691.08,1605.18,1493.61,1538.88,1534.05,1497.98,1482.08,1437.31,1385.05
2025-07-25 00:00:00,1314.78,1254.31,1207.91,1180.82,1161.3,1153.49,1145.04,1218.54,1308.12,1423.53,1452.22,1489.48,1479.3,1505.82,1524.92,1509.95,1467.3,1457.64,1524.97,1512.45,1500.34,1485.17,1439.13,1396.59
2025-07-26 00:00:00,1328.32,1281.4,1242.78,1202.84,1161.13,1141.0,1122.73,1109.69,1139.57,1159.17,1185.83,1232.7,1302.37,1337.69,1364.94,1388.07,1399.41,1391.25,1456.58,1467.1,1477.78,1472.43,1432.86,1359.49
2025-07-27 00:00:00,1310.65,1262.7,1222.68,1190.19,1176.59,1217.46,1247.6,1435.47,1562.64,1631.55,1694.42,1738.65,1779.27,1867.83,1814.71,1762.0,1637.99,1534.08,1538.04,1539.63,1524.42,1513.59,1461.68,1402.6
2025-07-28 00:00:00,1328.84,1278.82,1217.38,1190.39,1172.99,1221.5,1237.51,1432.52,1527.35,1617.45,1717.07,1736.47,1739.76,1693.88,1719.13,1698.99,1640.03,1542.13,1584.07,1589.2,1583.53,1566.18,1522.62,1450.33
2025-07-29 00:00:00,1369.67,1317.63,1268.14,1245.94,1234.02,1261.64,1270.65,1438.28,1518.56,1551.95,1587.18,1579.75,1546.34,1563.38,1590.64,1606.95,1579.41,1512.64,1535.32,1543.62,1516.63,1487.21,1435.93,1360.74
2025-07-30 00:00:00,1288.82,1224.77,1192.14,1166.95,1160.16,1195.09,1217.79,1365.01,1471.0,1544.2,1595.39,1651.4,1655.81,1730.55,1740.67,1727.92,1696.83,1597.99,1620.88,1624.48,1590.6,1557.57,1517.48,1436.93
2025-07-31 00:00:00,1360.82,1289.95,1246.75,1211.59,1192.56,1223.13,1244.19,1402.78,1513.6,1617.26,1683.37,1737.66,1734.56,1773.51,1804.93,1790.94,1722.92,1632.81,1643.06,1656.69,1628.28,1588.42,1550.89,1482.61
2025-08-01 00:00:00,1422.94,1363.5,1317.28,1276.89,1250.0,1225.75,1199.06,1311.56,1408.38,1505.24,1556.55,1585.8,1570.47,1544.44,1523.4,1463.95,1420.08,1419.17,1433.94,1440.79,1417.8,1396.49,1364.65,1319.71
2025-08-02 00:00:00,1279.42,1234.73,1200.62,1153.25,1145.02,1128.85,1112.95,1089.82,1114.74,1135.9,1169.51,1207.97,1214.21,1214.22,1220.69,1260.55,1271.6,1294.58,1365.39,1371.88,1382.47,1374.91,1345.47,1266.78
2025-08-03 00:00:00,1193.03,1146.14,1112.97,1082.8,1086.47,1142.49,1158.55,1341.24,1478.57,1521.71,1590.35,1566.32,1511.46,1533.56,1580.59,1555.84,1544.82,1463.31,1508.99,1526.46,1488.73,1470.92,1408.5,1338.57
2025-08-04 00:00:00,1267.77,1224.34,1189.95,1157.5,1146.86,1180.68,1194.58,1358.2,1453.32,1507.51,1590.72,1609.91,1605.94,1658.64,1688.31,1687.45,1597.92,1513.95,1561.68,1559.72,1499.6,1489.23,1445.73,1374.48
2025-08-05 00:00:00,1298.33,1229.9,1191.33,1150.38,1138.14,1175.58,1191.74,1360.35,1449.86,1550.79,1627.24,1665.09,1706.87,1758.92,1735.62,1720.2,1610.11,1522.0,1529.89,1526.81,1484.47,1460.13,1413.02,1356.65
2025-08-06 00:00:00,1287.43,1227.42,1184.15,1155.52,1147.83,1183.06,1204.38,1358.38,1473.86,1537.96,1628.29,1669.17,1686.33,1725.56,1749.89,1755.81,1704.0,1575.23,1572.76,1586.14,1566.4,1534.53,1492.81,1416.11
2025-08-07 00:00:00,1337.67,1274.89,1238.15,1209.91,1187.37,1205.17,1218.73,1381.26,1502.1,1566.97,1650.59,1681.18,1708.94,1663.92,1644.75,1641.99,1605.47,1487.38,1506.53,1519.57,1493.04,1471.58,1412.03,1359.58
2025-08-08 00:00:00,1296.01,1242.99,1193.36,1165.05,1133.86,1153.64,1145.7,1216.36,1312.67,1396.61,1429.99,1454.61,1455.79,1487.66,1468.73,1422.24,1430.24,1410.1,1482.05,1485.14,1458.09,1414.19,1378.45,1315.47
2025-08-09 00:00:00,1247.26,1196.1,1158.79,1128.23,1104.69,1081.7,1050.09,1049.87,1083.07,1144.46,1195.41,1247.44,1259.86,1312.65,1332.37,1365.64,1355.95,1354.55,1413.97,1425.35,1437.56,1432.22,1400.99,1326.48
2025-08-10 00:00:00,1262.08,1211.93,1170.11,1133.37,1118.9,1155.39,1171.21,1336.39,1470.14,1564.33,1609.42,1653.26,1679.85,1705.39,1732.81,1727.05,1654.14,1544.33,1595.43,1585.96,1566.24,1549.79,1480.77,1394.98
2025-08-11 00:00:00,1327.44,1262.24,1219.68,1188.35,1159.1,1197.84,1207.84,1341.21,1434.71,1522.22,1580.54,1616.45,1662.37,1712.63,1729.78,1734.59,1722.97,1612.94,1625.61,1625.25,1605.56,1575.13,1515.19,1430.33
2025-08-12 00:00:00,1355.21,1280.92,1234.69,1182.47,1172.38,1199.12,1235.87,1411.1,1511.78,1598.56,1659.35,1733.12,1736.58,1795.19,1787.3,1719.81,1580.6,1465.5,1496.57,1499.58,1468.81,1446.17,1402.33,1333.08
2025-08-13 00:00:00,1265.3,1222.69,1188.01,1156.56,1145.13,1169.27,1186.29,1347.6,1451.94,1518.36,1560.93,1579.21,1564.88,1622.9,1666.32,1620.78,1503.14,1410.87,1432.0,1433.4,1409.06,1378.73,1333.67,1287.4
2025-08-14 00:00:00,1238.23,1194.65,1165.0,1133.87,1121.26,1182.16,1184.81,1334.58,1382.38,1440.19,1475.9,1534.9,1577.19,1625.09,1632.38,1614.08,1586.62,1483.22,1482.55,1473.52,1468.74,1434.18,1385.2,1349.39
2025-08-15 00:00:00,1282.34,1230.38,1168.63,1151.11,1141.1,1157.9,1140.52,1223.54,1312.48,1365.37,1454.46,1492.11,1467.86,1405.43,1378.52,1365.92,1327.76,1304.1,1364.9,1376.37,1349.58,1293.67,1239.69,1172.44
2025-08-16 00:00:00,1137.92,1103.24,1078.19,1059.34,1038.53,1034.83,1007.64,1023.92,1069.12,1118.22,1161.73,1189.32,1214.63,1235.58,1247.08,1236.49,1231.21,1240.82,1318.29,1344.24,1347.68,1346.0,1259.37,1197.55
2025-08-17 00:00:00,1156.19,1112.23,1070.33,1048.65,1045.05,1112.39,1124.12,1314.16,1412.01,1493.96,1578.29,1575.19,1562.82,1584.78,1599.31,1607.86,1581.83,1510.24,1516.32,1521.21,1499.83,1465.62,1414.23,1342.64
2025-08-18 00:00:00,1261.91,1203.35,1161.05,1123.68,1106.97,1146.8,1161.73,1332.15,1463.38,1553.08,1643.66,1670.64,1716.98,1742.69,1788.27,1750.3,1712.86,1618.25,1651.7,1643.27,1632.13,1585.56,1516.37,1428.51
2025-08-19 00:00:00,1352.71,1299.07,1236.9,1212.24,1175.02,1209.0,1234.23,1417.06,1493.63,1615.3,1749.44,1755.88,1760.74,1795.28,1837.08,1839.71,1761.1,1634.58,1629.61,1624.38,1606.84,1569.23,1509.31,1458.18
2025-08-20 00:00:00,1368.18,1318.32,1272.34,1228.01,1150.48,1190.53,1245.59,1390.53,1466.34,1481.33,1483.01,1501.83,1536.69,1571.48,1608.8,1588.7,1555.3,1481.89,1530.59,1523.47,1503.77,1483.8,1424.74,1346.25
2025-08-21 00:00:00,1275.79,1222.89,1176.03,1150.95,1139.08,1178.97,1178.18,1345.89,1481.75,1582.63,1652.51,1699.59,1680.01,1672.3,1719.56,1721.37,1666.45,1519.27,1552.59,1542.78,1511.39,1484.47,1417.44,1356.93
2025-08-22 00:00:00,1297.16,1257.92,1210.04,1176.8,1152.2,1159.93,1163.84,1254.75,1327.02,1403.97,1456.34,1461.7,1458.64,1460.05,1466.71,1464.31,1407.85,1403.77,1455.87,1464.92,1430.58,1405.2,1372.34,1327.16
2025-08-23 00:00:00,1288.67,1232.98,1189.6,1171.01,1146.31,1117.55,1093.01,1104.7,1157.07,1201.03,1281.23,1296.49,1323.45,1370.97,1403.81,1436.16,1442.99,1436.4,1505.37,1524.09,1528.55,1521.69,1467.87,1381.32
2025-08-24 00:00:00,1278.12,1221.27,1174.19,1140.58,1120.06,1163.71,1172.73,1359.17,1493.29,1563.84,1693.85,1699.29,1718.4,1799.53,1758.5,1725.09,1645.09,1508.95,1552.97,1552.02,1517.21,1495.8,1446.49,1368.9
2025-08-25 00:00:00,1304.75,1269.14,1246.43,1223.87,1207.49,1239.7,1275.31,1456.61,1556.91,1610.23,1655.1,1659.1,1601.42,1564.51,1549.17,1525.15,1502.45,1436.88,1500.91,1506.2,1457.06,1444.54,1391.07,1326.84
2025-08-26 00:00:00,1258.24,1212.13,1163.0,1143.56,1141.02,1195.38,1214.57,1384.36,1468.53,1528.42,1587.1,1654.52,1705.85,1738.42,1783.9,1761.72,1671.85,1540.37,1568.22,1572.82,1549.53,1532.77,1478.58,1399.18
2025-08-27 00:00:00,1336.96,1257.27,1225.1,1194.89,1182.94,1229.14,1240.35,1412.01,1514.06,1582.21,1636.37,1618.73,1565.96,1596.99,1622.2,1624.34,1550.91,1469.28,1530.64,1526.76,1501.71,1476.15,1428.56,1334.57
2025-08-28 00:00:00,1261.6,1211.15,1170.6,1154.54,1138.58,1174.99,1208.44,1354.7,1471.46,1567.31,1647.84,1653.76,1709.03,1732.39,1714.21,1737.64,1671.08,1569.68,1593.45,1585.77,1558.27,1520.32,1478.48,1412.45
2025-08-29 00:00:00,1341.13,1292.62,1244.57,1214.47,1194.62,1179.12,1162.99,1252.27,1324.77,1424.9,1499.95,1531.43,1529.31,1566.57,1538.59,1489.32,1467.41,1451.48,1529.4,1537.04,1505.3,1461.92,1424.89,1373.97
2025-08-30 00:00:00,1326.12,1276.86,1235.13,1205.39,1181.9,1167.79,1123.51,1127.82,1168.2,1230.48,1318.15,1343.6,1355.13,1371.75,1336.12,1342.11,1314.03,1309.17,1384.01,1386.41,1394.32,1380.39,1338.78,1287.71
2025-08-31 00:00:00,1226.05,1188.97,1154.58,1122.88,1121.39,1164.53,1215.23,1355.13,1449.91,1552.08,1575.14,1587.46,1585.17,1623.52,1668.7,1684.68,1648.95,1516.43,1503.34,1495.24,1470.38,1444.39,1401.01,1346.24
2025-09-01 00:00:00,1265.02,1231.47,1200.04,1168.0,1161.91,1202.61,1225.11,1375.25,1457.13,1543.63,1634.42,1674.84,1656.21,1698.27,1710.15,1695.04,1634.35,1501.66,1539.23,1520.72,1507.28,1485.82,1426.83,1346.85
2025-09-02 00:00:00,1269.75,1212.26,1173.78,1141.03,1138.3,1177.42,1197.76,1367.61,1469.68,1545.8,1631.14,1656.63,1670.25,1712.75,1744.68,1746.32,1706.61,1560.03,1573.34,1560.74,1541.02,1522.75,1465.76,1385.42
2025-09-03 00:00:00,1307.0,1250.89,1198.07,1161.43,1160.0,1202.75,1214.68,1378.78,1494.49,1586.95,1691.97,1696.91,1712.54,1728.61,1694.67,1648.89,1544.81,1435.35,1437.04,1431.68,1388.83,1369.37,1332.94,1258.95
2025-09-04 00:00:00,1218.84,1184.36,1140.51,1121.84,1119.17,1168.39,1202.78,1311.09,1396.0,1437.04,1466.86,1473.86,1470.75,1502.37,1558.07,1547.6,1485.18,1402.31,1465.95,1463.56,1423.36,1386.95,1341.78,1276.72
2025-09-05 00:00:00,1226.17,1180.61,1140.27,1124.91,1106.32,1123.78,1113.45,1199.82,1272.46,1327.4,1388.1,1397.58,1401.56,1424.88,1438.91,1427.97,1407.32,1380.97,1424.78,1414.94,1385.05,1338.97,1295.24,1244.54
2025-09-06 00:00:00,1155.14,1116.89,1075.35,1060.67,1035.6,1024.93,983.73,1010.42,1048.06,1123.8,1161.98,1167.08,1179.97,1219.45,1212.37,1235.0,1238.05,1248.77,1326.26,1327.3,1337.45,1323.1,1295.03,1241.26
2025-09-07 00:00:00,1214.82,1171.76,1137.27,1105.51,1100.96,1142.46,1168.33,1314.49,1440.05,1494.2,1534.92,1543.96,1544.27,1551.74,1571.03,1560.84,1530.06,1423.77,1458.9,1455.84,1439.15,1405.45,1341.87,1310.43
2025-09-08 00:00:00,1200.63,1157.16,1119.8,1098.39,1085.08,1117.77,1145.59,1305.75,1398.01,1479.92,1577.5,1622.01,1663.74,1726.86,1764.55,1779.59,1677.5,1552.82,1565.11,1568.74,1560.8,1519.6,1463.64,1394.28
2025-09-09 00:00:00,1305.59,1250.08,1198.28,1168.32,1146.03,1180.82,1208.12,1373.38,1517.61,1604.5,1683.98,1719.55,1784.7,1790.17,1784.45,1777.59,1710.35,1593.43,1645.56,1666.18,1629.35,1598.62,1538.21,1466.2
2025-09-10 00:00:00,1378.34,1328.11,1282.12,1237.8,1218.64,1254.36,1274.8,1441.48,1557.72,1650.13,1727.94,1763.36,1761.64,1810.82,1788.21,1738.9,1616.53,1518.21,1553.15,1532.8,1512.12,1473.99,1429.13,1344.07
2025-09-11 00:00:00,1289.42,1232.42,1203.06,1164.02,1159.49,1188.9,1214.78,1353.75,1435.19,1489.48,1530.13,1554.22,1598.07,1634.4,1654.71,1629.57,1582.73,1489.13,1495.17,1499.17,1448.66,1411.22,1373.41,1318.63
2025-09-12 00:00:00,1245.35,1195.74,1158.03,1128.67,1108.09,1118.85,1105.88,1206.35,1298.57,1390.65,1455.64,1484.83,1463.14,1463.14,1484.72,1480.02,1432.19,1426.11,1488.14,1480.14,1445.45,1418.75,1387.49,1324.33
2025-09-13 00:00:00,1279.25,1222.88,1184.17,1150.71,1122.35,1109.47,1083.06,1080.68,1129.18,1182.69,1266.5,1293.52,1306.75,1333.85,1305.16,1272.24,1246.33,1262.1,1365.3,1356.67,1353.18,1342.4,1326.06,1260.33
2025-09-14 00:00:00,1209.59,1166.44,1135.85,1108.86,1105.53,1151.03,1188.61,1381.69,1462.02,1585.62,1656.75,1690.78,1733.19,1772.92,1735.92,1674.05,1585.32,1501.59,1524.91,1513.13,1493.28,1483.16,1424.08,1379.49
2025-09-15 00:00:00,1322.81,1272.41,1230.63,1195.9,1177.74,1231.94,1241.87,1382.83,1464.57,1514.31,1549.88,1536.11,1540.23,1588.34,1621.48,1615.38,1560.3,1459.01,1525.25,1520.38,1475.4,1455.96,1420.7,1351.98
2025-09-16 00:00:00,1262.48,1210.14,1172.34,1147.45,1127.37,1160.46,1197.15,1344.66,1446.82,1471.26,1523.08,1540.04,1538.11,1545.33,1554.24,1520.54,1478.39,1396.61,1443.79,1431.07,1408.01,1379.12,1331.36,1296.43
2025-09-17 00:00:00,1239.14,1187.6,1149.14,1123.69,1119.39,1153.93,1194.49,1333.24,1442.7,1507.37,1565.86,1621.47,1641.41,1668.98,1696.71,1694.18,1629.99,1537.24,1568.72,1556.04,1534.98,1510.79,1471.93,1393.76
2025-09-18 00:00:00,1315.05,1265.75,1225.09,1189.94,1181.17,1208.63,1224.43,1363.65,1492.82,1543.71,1587.57,1621.34,1643.07,1681.02,1742.15,1653.46,1606.55,1511.52,1563.36,1552.19,1521.3,1475.63,1420.83,1361.2
2025-09-19 00:00:00,1281.98,1230.55,1181.54,1147.34,1135.59,1141.82,1134.48,1256.59,1375.72,1462.29,1504.0,1516.43,1521.82,1536.49,1540.47,1552.33,1536.81,1488.13,1554.8,1544.37,1510.93,1464.15,1427.23,1371.55
2025-09-20 00:00:00,1381.75,1304.55,1237.92,1217.8,1185.01,1168.73,1139.88,1170.01,1236.96,1299.88,1306.46,1386.99,1430.0,1381.84,1374.48,1360.13,1351.16,1371.01,1451.92,1453.58,1435.64,1444.52,1418.54,1337.06
2025-09-21 00:00:00,1268.82,1211.85,1178.55,1146.36,1142.04,1178.0,1208.05,1408.36,1532.03,1604.47,1668.45,1700.24,1708.48,1747.39,1800.85,1808.78,1706.93,1586.17,1612.28,1609.36,1593.48,1559.07,1501.66,1421.23
2025-09-22 00:00:00,1342.44,1276.43,1223.38,1188.78,1171.44,1219.67,1244.99,1408.75,1505.32,1575.11,1656.95,1695.93,1721.84,1773.4,1797.56,1785.24,1699.9,1608.05,1664.03,1666.05,1650.41,1620.13,1553.4,1483.05
2025-09-23 00:00:00,1394.48,1324.21,1281.0,1247.1,1232.0,1271.51,1299.88,1476.34,1534.99,1588.15,1659.28,1682.1,1646.37,1659.54,1672.75,1624.53,1543.42,1479.36,1528.32,1526.95,1511.79,1482.97,1433.97,1363.19
2025-09-24 00:00:00,1299.76,1243.01,1203.46,1178.69,1163.27,1214.79,1236.91,1397.43,1443.34,1495.99,1534.75,1526.92,1498.75,1487.33,1475.58,1452.21,1412.69,1366.14,1435.77,1429.92,1397.54,1360.53,1305.15,1234.95
2025-09-25 00:00:00,1170.92,1121.42,1083.33,1073.09,1071.09,1121.72,1140.17,1305.99,1393.54,1484.27,1565.36,1598.46,1640.57,1685.84,1728.01,1613.63,1555.31,1463.26,1498.58,1485.31,1459.05,1398.49,1345.68,1295.67
2025-09-26 00:00:00,1235.69,1199.29,1167.88,1145.05,1129.11,1127.95,1122.85,1217.26,1318.66,1390.07,1451.73,1467.19,1445.26,1443.47,1450.65,1456.56,1427.55,1416.11,1478.18,1469.62,1427.3,1404.23,1372.76,1321.78
2025-09-27 00:00:00,1273.26,1241.37,1197.01,1165.86,1139.39,1142.87,1111.73,1112.3,1118.28,1192.33,1240.45,1280.73,1281.61,1300.44,1324.83,1353.39,1340.88,1347.62,1442.88,1446.72,1459.43,1453.2,1426.48,1366.96
2025-09-28 00:00:00,1304.36,1241.43,1204.84,1173.12,1159.46,1206.19,1243.05,1424.17,1535.17,1548.42,1564.11,1590.31,1591.72,1644.28,1664.99,1642.5,1597.41,1532.96,1579.95,1561.79,1541.98,1500.53,1421.62,1368.19
2025-09-29 00:00:00,1290.27,1247.7,1199.89,1170.5,1155.32,1183.64,1210.88,1389.52,1486.89,1577.83,1616.82,1656.11,1661.12,1720.41,1748.7,1738.18,1638.81,1558.7,1586.4,1578.84,1553.97,1521.55,1461.2,1384.8
2025-09-30 00:00:00,1295.86,1241.45,1206.46,1177.85,1176.46,1214.1,1221.67,1391.81,1502.9,1575.3,1660.07,1681.39,1695.21,1777.12,1781.48,1745.61,1622.19,1511.34,1536.75,1535.82,1505.57,1480.46,1432.35,1367.77
2025-10-01 00:00:00,1302.67,1219.17,1186.4,1154.77,1145.71,1183.88,1212.67,1377.32,1462.11,1507.1,1543.43,1563.07,1559.18,1569.44,1593.99,1590.1,1550.69,1473.4,1550.38,1548.53,1527.97,1496.46,1447.6,1373.37
2025-10-02 00:00:00,1303.99,1252.59,1206.16,1176.61,1159.15,1197.19,1218.27,1382.83,1488.34,1576.42,1628.12,1646.8,1661.38,1715.24,1742.18,1739.85,1637.54,1565.8,1591.88,1565.43,1539.34,1510.6,1460.69,1404.54
2025-10-03 00:00:00,1340.3,1291.6,1244.6,1204.24,1176.88,1185.11,1169.36,1235.41,1328.36,1377.39,1403.25,1448.67,1429.03,1477.83,1474.65,1464.03,1444.41,1436.85,1495.8,1485.93,1462.21,1439.83,1394.58,1352.76
2025-10-04 00:00:00,1306.11,1247.66,1210.73,1178.92,1152.19,1158.03,1114.84,1136.0,1177.13,1218.21,1301.5,1342.72,1338.62,1351.42,1394.76,1415.08,1406.36,1416.7,1473.33,1461.88,1458.01,1415.97,1377.41,1318.75
2025-10-05 00:00:00,1255.08,1223.99,1169.33,1139.47,1123.3,1180.85,1225.46,1396.1,1505.27,1611.76,1657.69,1658.3,1686.86,1738.22,1793.18,1758.44,1656.81,1536.56,1554.62,1539.37,1516.48,1477.03,1418.16,1340.29
2025-10-06 00:00:00,1272.59,1213.04,1174.88,1158.98,1143.67,1160.56,1199.85,1361.63,1454.16,1542.41,1617.75,1647.72,1681.62,1716.01,1763.55,1743.66,1687.43,1578.32,1612.14,1599.89,1567.71,1542.48,1488.02,1412.81
2025-10-07 00:00:00,1345.51,1287.04,1239.5,1206.15,1182.97,1221.97,1254.34,1428.39,1514.46,1628.4,1671.75,1718.54,1708.7,1729.19,1751.14,1724.76,1643.65,1570.18,1631.69,1599.05,1569.13,1542.52,1484.36,1415.64
2025-10-08 00:00:00,1344.31,1287.42,1249.64,1213.12,1189.1,1241.08,1271.88,1445.27,1586.19,1586.46,1601.68,1589.69,1569.62,1584.81,1581.0,1565.01,1552.61,1471.01,1515.02,1505.44,1458.35,1434.02,1378.97,1318.16
2025-10-09 00:00:00,1226.01,1168.89,1145.77,1134.79,1135.48,1192.28,1211.17,1366.52,1431.2,1519.65,1557.17,1587.12,1573.04,1575.95,1561.27,1567.67,1524.63,1456.73,1521.37,1497.58,1464.28,1426.7,1355.08,1334.74
2025-10-10 00:00:00,1263.53,1218.14,1184.23,1158.64,1144.48,1170.04,1152.82,1235.03,1300.66,1346.26,1379.1,1392.11,1377.64,1366.0,1361.74,1326.05,1317.74,1312.47,1382.95,1373.17,1345.83,1330.59,1276.3,1241.5
2025-10-11 00:00:00,1195.5,1162.8,1126.01,1101.51,1056.33,1052.0,1026.4,1056.38,1105.88,1164.71,1203.72,1257.49,1273.92,1298.76,1299.23,1330.51,1330.91,1328.39,1407.35,1418.17,1423.43,1404.93,1362.34,1296.03
2025-10-12 00:00:00,1246.97,1195.72,1157.63,1122.86,1116.39,1179.45,1222.52,1377.17,1488.79,1553.98,1560.48,1559.92,1605.65,1628.04,1663.8,1650.33,1644.23,1553.87,1590.6,1570.75,1539.88,1514.76,1447.69,1364.65
2025-10-13 00:00:00,1295.3,1238.95,1183.49,1168.84,1152.54,1193.57,1213.65,1377.95,1483.97,1574.44,1652.01,1684.87,1727.04,1689.73,1735.7,1722.55,1663.92,1568.26,1603.88,1581.97,1568.09,1524.13,1467.12,1412.43
2025-10-14 00:00:00,1333.0,1279.66,1240.1,1206.18,1193.46,1235.2,1261.14,1416.61,1499.48,1531.5,1556.23,1592.55,1609.29,1619.39,1594.65,1548.84,1508.74,1462.19,1498.26,1466.29,1450.69,1410.26,1339.72,1285.39
2025-10-15 00:00:00,1218.97,1168.0,1131.19,1104.97,1110.56,1147.89,1161.03,1312.19,1424.34,1501.65,1568.11,1606.34,1618.06,1673.79,1681.74,1692.22,1635.41,1558.57,1594.67,1576.35,1558.85,1516.68,1458.55,1387.64
2025-10-16 00:00:00,1330.07,1273.49,1230.61,1191.67,1181.22,1215.7,1233.8,1383.0,1459.93,1561.36,1615.75,1632.89,1640.26,1686.23,1708.97,1702.83,1671.22,1586.66,1635.12,1600.57,1579.6,1543.19,1477.9,1430.85
2025-10-17 00:00:00,1345.69,1288.62,1246.71,1211.26,1190.01,1200.68,1185.39,1264.61,1379.9,1449.37,1504.87,1526.82,1494.93,1520.48,1528.0,1536.57,1527.77,1538.27,1570.29,1557.11,1531.23,1514.04,1457.81,1392.81
2025-10-18 00:00:00,1341.41,1289.46,1246.51,1204.97,1180.25,1163.22,1123.79,1144.2,1197.51,1254.43,1330.71,1352.37,1381.84,1375.64,1388.82,1373.33,1319.84,1349.99,1411.83,1403.81,1390.07,1357.66,1332.01,1271.37
2025-10-19 00:00:00,1224.8,1190.34,1164.39,1124.55,1124.72,1193.24,1216.03,1405.41,1552.86,1636.95,1682.66,1674.13,1668.73,1731.2,1703.59,1640.69,1582.1,1491.2,1512.25,1498.99,1475.3,1439.87,1368.21,1324.34
2025-10-20 00:00:00,1247.43,1199.42,1160.99,1136.07,1137.31,1186.98,1199.56,1365.92,1481.42,1585.61,1634.79,1644.57,1695.71,1729.93,1786.31,1743.42,1626.02,1511.72,1551.56,1566.02,1534.51,1503.15,1444.55,1366.6
2025-10-21 00:00:00,1282.49,1237.23,1207.69,1174.72,1162.2,1199.45,1211.74,1375.72,1510.28,1576.83,1632.67,1646.56,1653.96,1595.91,1600.53,1602.82,1586.97,1526.6,1583.39,1545.99,1523.43,1475.5,1429.3,1337.0
2025-10-22 00:00:00,1309.7,1254.06,1211.85,1178.52,1155.14,1220.06,1232.48,1396.53,1477.47,1565.43,1622.02,1588.56,1580.6,1605.63,1627.09,1656.98,1606.88,1574.19,1619.54,1581.83,1551.41,1513.68,1455.69,1373.41
2025-10-23 00:00:00,1307.67,1254.06,1215.96,1192.02,1182.42,1214.94,1234.34,1399.15,1507.28,1584.33,1647.94,1657.61,1680.01,1722.93,1790.15,1759.5,1721.63,1605.12,1632.87,1618.2,1592.38,1560.55,1488.0,1423.86
2025-10-24 00:00:00,1361.47,1304.61,1276.1,1233.6,1214.26,1230.61,1217.44,1284.61,1384.67,1459.51,1480.52,1498.71,1482.8,1499.85,1498.93,1482.76,1449.48,1455.31,1501.6,1490.94,1459.1,1427.97,1392.22,1320.84
2025-10-25 00:00:00,1276.21,1239.04,1184.45,1158.32,1150.68,1142.96,1116.36,1139.74,1175.34,1228.28,1254.48,1307.16,1326.17,1387.36,1382.41,1383.47,1357.9,1367.04,1408.17,1408.59,1415.03,1412.79,1363.08,1300.21
2025-10-26 00:00:00,1250.31,1203.85,1152.31,1152.94,1147.68,1185.8,1218.68,1373.46,1489.67,1520.79,1556.2,1585.81,1630.08,1681.81,1683.42,1643.72,1533.81,1490.94,1494.63,1489.39,1484.51,1472.95,1412.69,1345.19
2025-10-27 00:00:00,1276.82,1233.14,1206.77,1166.16,1164.0,1214.71,1253.67,1404.81,1472.84,1563.68,1592.63,1585.01,1603.48,1628.78,1649.78,1635.77,1581.65,1496.26,1558.03,1540.77,1516.17,1487.89,1421.6,1370.69
2025-10-28 00:00:00,1299.57,1249.62,1224.5,1201.08,1192.25,1248.18,1269.3,1385.68,1458.79,1521.88,1560.04,1609.7,1618.59,1640.82,1640.17,1619.25,1601.82,1562.87,1601.39,1565.51,1532.94,1471.5,1412.38,1343.05
2025-10-29 00:00:00,1304.49,1258.62,1223.67,1198.1,1182.84,1224.83,1245.13,1407.67,1479.31,1544.09,1626.43,1620.21,1640.14,1662.93,1721.53,1701.51,1605.55,1531.17,1562.54,1548.85,1537.8,1501.73,1435.1,1369.82
2025-10-30 00:00:00,1306.97,1257.68,1214.59,1190.07,1186.09,1231.18,1248.28,1373.69,1444.7,1539.3,1578.88,1583.72,1545.99,1582.24,1641.01,1629.53,1568.12,1484.52,1552.06,1532.66,1507.2,1465.38,1422.69,1365.15
2025-10-31 00:00:00,1285.99,1241.33,1221.3,1194.97,1174.44,1182.28,1168.86,1260.31,1327.56,1387.61,1414.14,1448.1,1463.36,1451.03,1517.73,1508.74,1481.86,1450.18,1488.68,1468.92,1449.17,1419.87,1384.72,1344.17
2025-11-01 00:00:00,1284.43,1238.64,1200.36,1171.26,1142.46,1132.69,1102.22,1107.48,1111.32,1170.79,1208.09,1244.75,1259.49,1320.87,1331.86,1337.96,1317.92,1326.07,1376.18,1372.04,1352.75,1326.94,1286.75,1241.26
2025-11-02 00:00:00,1197.54,1162.26,1144.1,1125.27,1106.46,1111.39,1111.09,1126.19,1153.07,1171.09,1240.89,1306.5,1333.48,1358.15,1345.42,1354.77,1316.05,1337.48,1362.18,1338.78,1308.75,1312.21,1275.66,1228.11
2025-11-03 00:00:00,1152.3,1113.17,1094.43,1068.05,1061.44,1074.27,1066.49,1126.31,1177.55,1197.04,1288.7,1305.78,1305.81,1288.61,1285.94,1284.64,1270.71,1289.99,1316.58,1301.88,1285.48,1260.44,1224.38,1187.19
2025-11-04 00:00:00,1144.96,1118.3,1088.25,1063.81,1043.3,1055.4,1027.94,1071.56,1105.73,1171.34,1263.73,1271.71,1319.13,1355.02,1347.21,1337.57,1362.69,1395.11,1457.36,1441.81,1434.39,1398.71,1343.64,1287.53
2025-11-05 00:00:00,1229.0,1165.17,1138.28,1117.01,1104.96,1137.24,1172.0,1330.36,1477.79,1568.06,1659.86,1672.13,1641.25,1650.31,1621.8,1621.87,1596.63,1494.5,1537.75,1506.99,1473.29,1439.01,1395.65,1335.71
2025-11-06 00:00:00,1294.9,1231.24,1194.38,1168.64,1150.05,1186.52,1221.3,1397.91,1478.34,1575.46,1638.47,1676.1,1720.02,1736.54,1781.97,1795.39,1724.79,1616.14,1649.01,1631.0,1585.13,1533.07,1478.29,1406.57
2025-11-07 00:00:00,1353.48,1294.62,1237.06,1199.65,1178.4,1185.64,1160.22,1262.6,1351.16,1431.92,1441.9,1501.03,1490.87,1503.32,1523.48,1502.62,1443.18,1446.33,1513.78,1500.44,1468.67,1447.05,1397.51,1343.49
2025-11-08 00:00:00,1290.82,1244.71,1194.49,1166.38,1144.45,1129.63,1106.82,1103.24,1148.51,1189.72,1239.73,1294.36,1286.18,1331.26,1344.8,1340.95,1331.14,1366.99,1410.53,1400.18,1412.02,1401.52,1367.68,1314.81
2025-11-09 00:00:00,1276.8,1235.72,1203.35,1177.24,1162.51,1154.0,1157.61,1178.63,1192.73,1221.29,1268.95,1287.4,1241.58,1266.88,1278.64,1288.68,1299.63,1343.88,1390.19,1377.38,1371.3,1352.73,1319.3,1253.79
2025-11-10 00:00:00,1185.1,1137.84,1110.25,1083.81,1091.53,1127.14,1158.55,1338.74,1453.56,1557.25,1613.97,1638.35,1678.38,1681.66,1706.25,1686.86,1636.24,1558.6,1558.99,1524.95,1495.64,1469.8,1423.83,1344.26
2025-11-11 00:00:00,1267.06,1208.87,1172.89,1143.43,1137.12,1179.58,1205.95,1374.61,1490.14,1537.78,1563.31,1587.24,1596.71,1644.69,1686.85,1682.36,1587.41,1512.01,1528.12,1498.58,1478.22,1437.28,1386.67,1328.64
2025-11-12 00:00:00,1246.8,1192.75,1157.04,1132.67,1133.08,1184.21,1205.19,1358.9,1449.69,1512.94,1580.35,1623.2,1639.91,1692.83,1668.59,1633.82,1547.52,1509.14,1535.16,1536.22,1490.56,1454.32,1404.6,1356.75
2025-11-13 00:00:00,1289.91,1225.64,1181.62,1145.67,1128.73,1168.43,1165.82,1327.52,1441.44,1557.31,1623.13,1644.03,1675.92,1707.06,1757.7,1694.82,1593.43,1508.45,1544.91,1520.87,1487.22,1467.86,1416.26,1368.19
2025-11-14 00:00:00,1296.85,1249.82,1206.51,1175.91,1150.56,1174.51,1162.57,1237.61,1309.34,1404.4,1426.66,1445.38,1457.68,1465.95,1468.42,1443.43,1381.68,1380.98,1398.13,1393.35,1362.87,1319.98,1284.53,1236.88
2025-11-15 00:00:00,1196.71,1161.11,1139.03,1110.53,1086.91,1083.02,1084.19,1074.91,1102.26,1149.72,1181.36,1196.78,1230.96,1227.78,1198.22,1209.22,1216.34,1272.57,1319.2,1305.25,1294.91,1277.05,1233.54,1168.5
2025-11-16 00:00:00,1122.67,1092.02,1053.7,1026.6,1036.11,1093.67,1107.86,1304.79,1425.49,1472.5,1552.18,1591.23,1584.94,1624.6,1623.23,1616.61,1590.79,1516.13,1518.9,1478.14,1440.93,1414.14,1362.51,1293.96
2025-11-17 00:00:00,1227.29,1161.57,1131.83,1096.82,1089.61,1149.55,1158.61,1286.56,1379.44,1481.03,1555.54,1579.24,1584.95,1631.06,1656.22,1608.44,1568.98,1490.86,1526.66,1513.11,1468.02,1444.32,1385.43,1325.0
2025-11-18 00:00:00,1269.65,1223.02,1180.2,1162.34,1145.12,1188.57,1218.95,1360.33,1429.32,1461.75,1495.44,1513.51,1497.85,1506.2,1498.73,1468.34,1434.81,1408.81,1441.82,1422.34,1398.5,1357.96,1292.74,1232.64
2025-11-19 00:00:00,1166.35,1142.3,1101.39,1086.36,1084.93,1142.15,1163.71,1293.52,1378.48,1469.16,1496.36,1531.19,1534.72,1561.14,1588.42,1553.5,1495.09,1469.09,1485.84,1460.32,1429.22,1385.52,1328.96,1258.84
2025-11-20 00:00:00,1182.99,1138.01,1106.16,1072.95,1072.24,1121.65,1147.7,1284.83,1400.23,1435.27,1525.23,1529.54,1549.73,1603.21,1627.19,1618.98,1580.02,1508.43,1533.06,1470.85,1449.83,1418.48,1355.21,1293.27
2025-11-21 00:00:00,1242.74,1174.79,1136.58,1105.63,1086.12,1111.08,1086.96,1204.38,1271.14,1356.73,1450.1,1467.18,1468.61,1458.24,1501.56,1503.27,1489.44,1452.23,1525.6,1510.75,1489.38,1454.62,1408.03,1371.25
2025-11-22 00:00:00,1317.23,1271.13,1212.43,1184.47,1142.07,1136.37,1117.33,1105.49,1163.19,1227.27,1284.13,1322.97,1367.6,1379.5,1399.12,1399.68,1396.95,1412.62,1482.37,1482.5,1483.01,1463.74,1435.72,1362.63
2025-11-23 00:00:00,1298.62,1250.15,1203.99,1176.12,1133.02,1200.08,1217.97,1400.28,1523.09,1593.66,1621.06,1679.9,1670.98,1691.48,1721.01,1663.92,1603.96,1512.71,1564.81,1552.14,1521.89,1500.35,1443.11,1379.1
2025-11-24 00:00:00,1284.83,1229.57,1175.25,1154.73,1133.53,1185.33,1192.83,1365.63,1478.2,1537.32,1620.08,1653.13,1629.11,1700.91,1705.52,1644.54,1598.09,1517.94,1588.13,1596.65,1550.66,1526.95,1457.26,1378.46
2025-11-25 00:00:00,1303.72,1248.6,1203.67,1163.3,1151.51,1201.06,1219.5,1361.11,1453.43,1499.81,1516.63,1532.82,1584.28,1647.58,1734.65,1731.9,1675.45,1553.75,1618.45,1595.39,1575.33,1543.73,1475.57,1396.73
2025-11-26 00:00:00,1328.99,1263.82,1229.15,1179.46,1162.86,1212.24,1225.83,1377.82,1464.66,1558.56,1677.92,1662.44,1622.17,1685.52,1736.69,1736.31,1697.26,1586.34,1613.81,1593.94,1546.85,1496.44,1419.28,1370.78
2025-11-27 00:00:00,1310.17,1266.1,1218.93,1193.3,1160.81,1160.88,1155.61,1163.94,1219.01,1261.35,1280.36,1320.45,1305.17,1326.74,1327.56,1291.05,1286.34,1308.73,1336.79,1321.01,1319.48,1302.46,1259.2,1213.58
2025-11-28 00:00:00,1176.42,1130.55,1095.08,1074.22,1062.81,1078.36,1069.89,1148.21,1211.72,1291.02,1343.69,1397.28,1392.52,1382.79,1377.27,1367.8,1343.89,1368.32,1419.25,1423.4,1377.61,1352.8,1274.34,1237.44
2025-11-29 00:00:00,1220.97,1177.85,1133.91,1106.39,1081.07,1066.61,1037.85,1026.3,1076.09,1131.17,1162.3,1205.03,1218.09,1238.79,1213.52,1221.36,1227.63,1277.29,1338.65,1327.76,1305.7,1285.98,1245.36,1201.23
2025-11-30 00:00:00,1147.83,1095.59,1071.22,1051.13,1045.9,1098.25,1121.22,1272.46,1397.28,1441.88,1476.36,1498.3,1507.63,1537.44,1542.42,1495.8,1436.25,1412.2,1428.9,1412.08,1362.77,1329.39,1274.66,1217.32
2025-12-01 00:00:00,1158.31,1112.52,1058.23,1033.81,1037.75,1093.82,1117.16,1277.32,1358.83,1414.01,1479.07,1493.45,1465.38,1481.66,1496.8,1475.13,1444.67,1414.52,1457.52,1452.05,1398.6,1359.33,1308.65,1223.67
2025-12-02 00:00:00,1160.16,1120.91,1088.69,1062.3,1029.52,1096.47,1116.26,1264.09,1353.36,1376.76,1459.52,1498.04,1507.84,1583.81,1595.17,1606.88,1575.26,1484.95,1524.67,1508.0,1464.4,1410.95,1353.41,1259.92
2025-12-03 00:00:00,1191.64,1161.27,1114.1,1092.92,1063.65,1111.38,1127.56,1289.85,1359.62,1467.2,1485.22,1534.38,1551.5,1597.84,1632.38,1646.65,1630.95,1553.28,1567.2,1545.72,1521.28,1473.68,1403.42,1329.11
2025-12-04 00:00:00,1260.72,1193.74,1149.32,1111.28,1071.26,1120.7,1156.72,1303.8,1393.81,1479.67,1555.17,1605.04,1591.7,1654.58,1661.41,1630.37,1541.33,1459.84,1528.03,1508.73,1485.63,1420.33,1357.16,1282.13
2025-12-05 00:00:00,1225.15,1177.52,1136.7,1099.68,1083.15,1102.02,1093.54,1179.51,1267.76,1350.57,1392.62,1393.97,1416.63,1403.21,1431.25,1460.15,1489.3,1479.2,1521.03,1502.59,1479.34,1412.57,1357.42,1321.11
2025-12-06 00:00:00,1247.41,1197.27,1144.5,1110.44,1092.51,1068.85,1041.87,1030.81,1106.28,1169.69,1211.02,1261.28,1257.12,1280.66,1279.95,1356.94,1383.81,1396.44,1483.4,1478.83,1461.89,1436.78,1375.52,1320.62
2025-12-07 00:00:00,1275.96,1231.96,1176.98,1136.91,1116.91,1107.7,1096.66,1095.62,1128.52,1186.95,1249.58,1279.45,1280.98,1357.6,1302.54,1317.02,1319.8,1312.53,1384.67,1382.82,1381.92,1379.4,1357.26,1299.82
2025-12-08 00:00:00,1245.34,1182.85,1137.14,1114.03,1105.28,1152.36,1182.08,1355.84,1448.58,1521.33,1615.02,1631.31,1664.17,1618.82,1629.32,1609.1,1578.64,1496.69,1548.97,1532.98,1508.15,1458.06,1394.64,1293.71
2025-12-09 00:00:00,1242.05,1181.59,1151.6,1111.01,1100.72,1139.33,1162.87,1343.63,1449.41,1537.87,1587.32,1655.9,1669.25,1722.92,1705.57,1636.69,1584.31,1504.88,1554.26,1540.78,1509.33,1469.33,1401.51,1351.81
2025-12-10 00:00:00,1276.75,1233.6,1185.29,1157.2,1135.94,1180.04,1202.51,1371.41,1471.98,1551.84,1607.95,1658.88,1670.64,1721.04,1723.95,1696.91,1614.03,1524.76,1574.36,1560.54,1534.98,1480.98,1430.88,1357.73
2025-12-11 00:00:00,1287.52,1232.1,1180.08,1155.97,1142.45,1160.61,1213.08,1352.8,1446.66,1506.97,1563.6,1570.85,1570.61,1664.67,1680.77,1653.83,1555.73,1529.9,1579.17,1552.26,1519.38,1464.28,1406.37,1352.75
2025-12-12 00:00:00,1301.07,1253.94,1210.41,1187.52,1168.81,1194.42,1200.0,1264.39,1347.6,1424.68,1414.02,1429.32,1454.22,1460.07,1468.83,1449.38,1445.07,1442.71,1488.93,1457.45,1434.15,1381.45,1328.24,1290.02
2025-12-13 00:00:00,1226.01,1196.8,1171.29,1135.45,1104.61,1099.57,1099.61,1077.59,1117.34,1154.88,1245.33,1266.3,1296.25,1324.48,1334.6,1317.26,1311.85,1343.1,1390.61,1368.08,1356.21,1333.45,1306.09,1264.66
2025-12-14 00:00:00,1252.05,1186.61,1154.94,1131.52,1114.24,1159.81,1198.26,1331.89,1445.75,1499.18,1544.01,1556.56,1527.44,1532.72,1530.34,1497.62,1454.82,1426.52,1461.39,1447.71,1411.76,1378.95,1308.7,1248.81
2025-12-15 00:00:00,1187.89,1137.7,1117.15,1089.45,1082.07,1115.58,1152.61,1288.49,1381.05,1445.8,1506.56,1554.78,1592.76,1596.86,1601.96,1573.07,1569.4,1486.82,1552.8,1523.93,1490.48,1429.32,1378.87,1319.97
2025-12-16 00:00:00,1252.09,1198.39,1141.17,1129.47,1115.36,1152.21,1170.61,1331.87,1409.16,1470.62,1538.36,1551.52,1563.7,1565.08,1599.1,1592.29,1535.92,1487.08,1537.52,1521.82,1491.1,1427.16,1356.37,1291.15
2025-12-17 00:00:00,1219.31,1163.91,1116.71,1088.68,1070.82,1099.14,1128.02,1259.06,1369.66,1479.49,1503.84,1561.78,1572.41,1589.93,1621.6,1605.51,1572.43,1485.2,1555.24,1511.85,1489.24,1441.11,1390.34,1339.35
2025-12-18 00:00:00,1270.86,1211.0,1183.57,1138.66,1125.55,1175.54,1198.47,1319.9,1400.33,1476.31,1527.96,1576.25,1554.03,1532.75,1518.04,1490.39,1453.43,1392.22,1452.74,1430.79,1408.52,1362.23,1306.12,1250.88
2025-12-19 00:00:00,1182.94,1148.84,1105.83,1078.02,1052.8,1052.64,1053.6,1057.42,1107.87,1168.81,1206.77,1232.3,1260.78,1306.44,1338.06,1361.54,1361.04,1379.47,1468.75,1456.69,1412.17,1394.6,1376.57,1323.12
2025-12-20 00:00:00,1283.84,1217.82,1184.76,1090.6,1058.32,1074.66,1052.84,1054.51,1092.06,1139.71,1169.92,1200.27,1218.58,1290.51,1381.34,1336.77,1315.09,1275.67,1377.18,1409.46,1411.02,1378.61,1336.97,1263.09
2025-12-21 00:00:00,1204.71,1134.1,1073.34,1055.18,1083.61,1085.57,1082.06,1227.16,1318.88,1407.58,1444.96,1459.28,1479.16,1559.98,1541.6,1602.51,1534.12,1436.9,1507.53,1521.79,1458.19,1456.47,1375.8,1286.58
2025-12-22 00:00:00,1269.08,1224.78,1171.44,1143.94,1130.48,1182.9,1204.95,1331.08,1416.12,1461.75,1530.8,1545.94,1525.57,1586.65,1613.08,1622.51,1607.68,1526.6,1550.92,1542.91,1514.14,1488.04,1425.89,1386.39
2025-12-23 00:00:00,1352.8326416015625,1298.69140625,1246.1673583984375,1203.8031005859375,1178.779541015625,1200.6419677734375,1232.68798828125,1314.121337890625,1401.96435546875,1446.63720703125,1485.29541015625,1497.3841552734375,1474.128173828125,1471.1671142578125,1487.082275390625,1507.8619384765625,1518.3851318359375,1522.6588134765625,1586.518310546875,1576.3341064453125,1540.9517822265625,1465.4503173828125,1381.340087890625,1327.6016845703125
2025-12-24 00:00:00,1239.05,1219.35,1200.61,1165.94,1138.01,1122.02,1113.88,1080.29,1104.57,1145.9,1163.5,1163.14,1191.27,1226.15,1207.85,1253.74,1253.83,1252.85,1321.53,1326.27,1344.55,1334.62,1306.59,1263.13
2025-12-25 00:00:00,1227.65,1178.21,1131.13,1096.19,1083.43,1107.81,1143.09,1282.04,1404.39,1476.82,1559.93,1612.7,1621.28,1657.48,1668.94,1656.55,1625.31,1553.48,1601.85,1585.38,1529.94,1489.25,1434.3,1373.18
2025-12-26 00:00:00,1371.12,1273.2,1107.18,1077.87,1060.67,1073.16,1079.33,1119.04,1191.54,1270.87,1328.27,1342.54,1327.69,1359.98,1374.14,1381.8,1412.58,1406.3,1463.42,1451.71,1406.16,1367.17,1314.12,1269.73
2025-12-27 00:00:00,1294.58,1242.58,1194.79,1156.3,1128.36,1089.85,1100.82,1090.34,1129.54,1193.16,1268.11,1306.56,1343.77,1356.41,1381.24,1395.87,1384.98,1384.27,1455.47,1452.96,1446.09,1420.25,1379.83,1324.17
2025-12-28 00:00:00,1223.21,1166.03,1125.63,1088.69,1066.69,1097.04,1131.45,1264.29,1355.48,1447.23,1510.27,1559.58,1573.96,1606.18,1630.92,1600.63,1554.89,1484.22,1531.18,1511.85,1474.51,1440.56,1392.17,1324.5
2025-12-29 00:00:00,1263.1,1207.84,1154.7,1121.99,1105.56,1132.5,1160.79,1283.07,1409.05,1469.4,1543.1,1539.2,1560.39,1639.3,1637.41,1595.34,1544.13,1482.06,1551.26,1545.84,1502.82,1476.08,1428.0,1351.41
2025-12-30 00:00:00,1263.1,1207.84,1154.7,1121.99,1105.56,1132.5,1160.79,1283.07,1409.05,1469.4,1543.1,1539.2,1560.39,1639.3,1637.41,1595.34,1544.13,1482.06,1551.26,1545.84,1502.82,1476.08,1428.0,1351.41
2025-12-31 00:00:00,1334.76,1273.57,1227.08,1198.64,1163.13,1182.59,1207.6,1316.11,1404.59,1484.48,1558.12,1563.26,1526.11,1505.82,1492.34,1498.87,1514.32,1519.16,1547.87,1566.12,1539.01,1476.28,1403.94,1347.01
